Date_UTC;Time_UTC;Event;Purposes_Of_Call;Time_Since_Previous_Report;Distance;Latitude_North_South;Latitude_Degree;Latitude_Minutes;Longitude_East_West;Longitude_Degree;Longitude_Minutes;Voyage_From;Voyage_To;Voyage_Number;Cargo_Mt;Time_Elapsed_Sailing;Time_Elapsed_Maneuvering;Time_Elapsed_Anchoring;Time_Elapsed_Drifting;ME_Consumption;ME_Consumption_BDN_2;AE_Consumption;Boiler_Consumption;AE_Consumption_BDN_2;Boiler_Consumption_BDN_2;BDN_ROB;BDN_2_ROB;BDN_3_ROB;BDN_4_ROB;BDN_5_ROB;Discharge_Pump_Work;Discharge_Pump_SFOC;Cargo_Heating_Consumption_BDN;ROB_Fuel_Total;Source_System;Last_Updated
2025-01-01;18:00;Noon (Position) - Port;;24;42;N;29;44,25;W;95;7,72;USHOU;USHOU;202405-4-NLRTM-USHOU;18847,98;0;5,45;0;0;4,6;;3,6;0,9;;;64,97;35,6;649,7;150,13;200;;215;;1100,4;OVDAdmin;2026-02-05 01:44
2025-01-02;18:00;Noon (Position) - Port;;24;49;N;29;14,2;W;94;36,69;USHOU;USHOU;202405-4-NLRTM-USHOU;18847,98;0;5,08;0;0;5,2;;3,7;0,9;;;55,17;35,6;649,7;150,13;200;;215;;1090,6;OVDAdmin;2026-02-05 01:44
2025-01-03;18:00;Noon (Position) - Port;;24;0;N;29;14,19;W;94;36,7;USHOU;USHOU;202405-4-NLRTM-USHOU;18847,98;0;0;0;0;;;3,2;0,9;;;51,07;35,6;649,7;150,13;200;;215;;1086,5;OVDAdmin;2026-02-05 01:44
2025-01-04;18:00;Noon (Position) - Port;;24;50;N;29;44,6;W;95;5,9;USHOU;USHOU;202405-4-NLRTM-USHOU;18847,98;0;6,33;0;0;5,3;;3,7;0,9;;;41,17;35,6;649,7;150,13;200;;215;;1076,6;OVDAdmin;2026-02-05 01:44
2025-01-05;18:00;Noon (Position) - Port;;24;48;N;29;12,96;W;94;35,54;USHOU;USHOU;202405-4-NLRTM-USHOU;18847,98;0;5,02;0;0;5,2;;4,5;1,4;;;30,07;35,6;649,7;150,13;200;;215;0,6;1065,5;OVDAdmin;2026-02-05 01:44
2025-01-06;18:00;Noon (Position) - Port;;24;50;N;29;44,69;W;95;5,78;USHOU;USHOU;202405-4-NLRTM-USHOU;18847,98;0;5,75;0;0;5,3;;4,2;1,9;;;18,67;35,6;649,7;150,13;200;;215;1;1054,1;OVDAdmin;2026-02-05 01:44
2025-01-07;18:00;Noon (Position) - Port;;24;0;N;29;44,69;W;95;5,78;USHOU;USHOU;202405-4-NLRTM-USHOU;18847,98;0;0;0;0;;;5,8;2,2;;;10,67;35,6;649,7;150,13;200;;215;1,3;1046,1;OVDAdmin;2026-02-05 01:44
2025-01-07;19:58;Departure;CargoOperations;1,97;0;N;29;44,69;W;95;5,79;USHOU;USHOU;202405-4-NLRTM-USHOU;18847,98;0;0;0;0;;;0,5;0,3;;;9,87;35,6;649,7;150,13;200;;215;0,2;1045,3;OVDAdmin;2026-02-05 01:44
2025-01-08;00:30;Begin of sea passage;;4,53;43;N;29;16,89;W;94;36,79;USHOU;USFPO;202406-1-USHOU-USFPO;18847,98;0;4,53;0;0;4,3;;1,2;;;;4,37;35,6;649,7;150,13;200;0;215;;1039,8;OVDAdmin;2026-02-05 01:44
2025-01-08;03:42;End of sea passage;;3,2;14,38;N;28;49,3;W;95;0,23;USHOU;USFPO;202406-1-USHOU-USFPO;18847,98;3,2;0;0;0;3,3;;0,7;;;;0,37;35,6;649,7;150,13;200;0;215;;1035,8;OVDAdmin;2026-02-05 01:44
2025-01-08;18:00;Noon (Position) - Sea passage;;14,3;1;N;28;49,58;W;95;8,47;USHOU;USFPO;202406-1-USHOU-USFPO;18847,98;0;1,2;13,1;0;0,37;0,43;2,4;1,2;;;0;35,6;649,7;146,1;200;0;215;;1031,4;OVDAdmin;2026-02-05 01:44
2025-01-08;20:00;Arrival;;2;12;N;28;56,6;W;95;19,03;USHOU;USFPO;202406-1-USHOU-USFPO;18847,98;0;2;0;0;1,3;;0,3;;;;35,6;649,7;144,5;200;;0;215;;1029,8;OVDAdmin;2026-02-05 01:44
2025-01-09;18:00;Noon (Position) - Port;;22;0;N;28;56,6;W;95;19,03;USFPO;USFPO;202406-1-USHOU-USFPO;23003,49;0;0;0;0;;;4;1,7;;;35,6;649,7;138,8;200;;0;215;;1024,1;OVDAdmin;2026-02-05 01:44
2025-01-10;18:00;Noon (Position) - Port;;24;0;N;28;56,6;W;95;19,03;USFPO;USFPO;202406-1-USHOU-USFPO;23003,49;0;0;0;0;;;5;2,7;;;35,6;649,7;131,1;200;;0;215;1,9;1016,4;OVDAdmin;2026-02-05 01:44
2025-01-11;14:08;Departure;;20,13;0;N;28;56,6;W;95;19,03;USFPO;USFPO;202406-1-USHOU-USFPO;23003,49;0;0;0;0;;;4,2;3,5;;;35,6;649,7;123,4;200;;0;215;2,7;1008,7;OVDAdmin;2026-02-05 01:44
2025-01-11;14:48;Begin of sea passage;;0,67;6;N;28;52,99;W;95;14,55;USFPO;USBTR;202406-2-USFPO-USBTR;23003,49;0;0,67;0;0;0,8;;0,2;;;;35,6;649,7;122,4;200;;0;215;;1007,7;OVDAdmin;2026-02-05 01:44
2025-01-11;18:00;Noon (Position) - Sea passage;;3,2;42;N;28;23,17;W;94;43,43;USFPO;USBTR;202406-2-USFPO-USBTR;23003,49;3,2;0;0;0;2,7;;0,5;;;;35,6;649,7;119,2;200;;0;215;;1004,5;OVDAdmin;2026-02-05 01:44
2025-01-12;18:00;Noon (Position) - Sea passage;;24;317;N;28;35,11;W;89;39,19;USFPO;USBTR;202406-2-USFPO-USBTR;23003,49;24;0;0;0;23,3;;4,5;;;;35,6;649,7;91,4;200;;0;215;;976,7;OVDAdmin;2026-02-05 01:44
2025-01-12;18:30;End of sea passage;;0,5;6;N;28;41,8;W;89;33,1;USFPO;USBTR;202406-2-USFPO-USBTR;23003,49;0,5;0;0;0;0,45;;0,1;;;;35,6;649,7;90,85;200;;0;215;;976,15;OVDAdmin;2026-02-05 01:44
2025-01-13;18:00;Noon (Position) - Sea passage;;23,5;120;N;29;55,02;W;90;8,21;USFPO;USBTR;202406-2-USFPO-USBTR;23003,49;0;11,83;11,67;0;6,9;;3;1,55;;;35,6;649,7;79,4;200;;0;215;0,85;964,7;OVDAdmin;2026-02-05 01:44
2025-01-14;06:10;Arrival;;12,17;95;N;30;18,69;W;91;13,59;USFPO;USBTR;202406-2-USFPO-USBTR;23003,49;0;12,17;0;0;10,8;;1,5;0,2;;;35,6;649,7;66,9;200;;0;215;0,2;952,2;OVDAdmin;2026-02-05 01:44
2025-01-14;18:00;Noon (Position) - Port;;11,83;0;N;30;18,69;W;91;13,59;USBTR;USBTR;202406-2-USFPO-USBTR;25102,29;0;0;0;0;;;1,3;1;;;35,6;649,7;64,6;200;;0;215;0,5;949,9;OVDAdmin;2026-02-05 01:44
2025-01-15;18:00;Noon (Position) - Port;;24;0;N;30;18,69;W;91;13,59;USBTR;USBTR;202406-2-USFPO-USBTR;25102,29;0;0;0;0;;;3,2;2,3;;;35,6;649,7;59,1;200;;0;215;1,5;944,4;OVDAdmin;2026-02-05 01:44
2025-01-16;00:50;Departure;;6,83;0;N;30;18,69;W;91;13,59;USBTR;USBTR;202406-2-USFPO-USBTR;25102,29;0;0;0;0;;;0,9;0,7;;;35,6;649,7;57,5;200;;0;215;0,5;942,8;OVDAdmin;2026-02-05 01:44
2025-01-16;16:54;Begin of sea passage;;16,07;207;N;28;50,29;W;89;25,66;USBTR;BRARB;202406-3-USBTR-BRARB;25102,29;0;16,07;0;0;16,9;;3,1;1;;;35,6;649,7;36,5;200;;;215;1;921,8;OVDAdmin;2026-02-05 01:44
2025-01-16;18:00;Noon (Position) - Sea passage;;1,1;14;N;28;37,7;W;89;18,43;USBTR;BRARB;202406-3-USBTR-BRARB;25102,29;1,1;0;0;0;0,8;;0,2;;;;35,6;649,7;35,5;200;;;215;;920,8;OVDAdmin;2026-02-05 01:44
2025-01-17;18:00;Noon (Position) - Sea passage;;24;321;N;24;39,06;W;85;43,66;USBTR;BRARB;202406-3-USBTR-BRARB;25102,29;24;0;0;0;14,6;7,2;1;0,3;2,3;0,8;27,1;649,7;17,8;200;;;215;1,1;894,6;OVDAdmin;2026-02-05 01:44
2025-01-18;18:00;Noon (Position) - Sea passage;;24;334;N;23;12,19;W;79;59,44;USBTR;BRARB;202406-3-USBTR-BRARB;25102,29;24;0;0;0;23,2;;0,9;0,8;;;2,2;649,7;17,8;200;;;215;0,8;869,7;OVDAdmin;2026-02-05 01:44
2025-01-19;18:00;Noon (Position) - Sea passage;;24;300;N;21;2,21;W;75;11,11;USBTR;BRARB;202406-3-USBTR-BRARB;25102,29;24;0;0;0;2,2;20,4;;0,7;;;0;628,6;17,8;200;;;215;0,7;846,4;OVDAdmin;2026-02-05 01:44
2025-01-20;17:00;Noon (Position) - Sea passage;;23;280;N;20;2,57;W;70;22,76;USBTR;BRARB;202406-3-USBTR-BRARB;25102,29;23;0;0;0;21,7;;0,4;0,8;;;605,7;17,8;200;;;;215;0,8;823,5;OVDAdmin;2026-02-05 01:44
2025-01-21;17:00;Noon (Position) - Sea passage;;24;275;N;19;45,8;W;65;34,6;USBTR;BRARB;202406-3-USBTR-BRARB;25102,29;24;0;0;0;22,7;;0,4;0,8;;;581,8;17,8;200;;;;215;0,8;799,6;OVDAdmin;2026-02-05 01:44
2025-01-22;17:00;Noon (Position) - Sea passage;;24;263;N;17;58,6;W;61;25;USBTR;BRARB;202406-3-USBTR-BRARB;25102,29;24;0;0;0;22,8;;0,5;0,8;;;557,7;17,8;200;;;;215;0,8;775,5;OVDAdmin;2026-02-05 01:44
2025-01-23;17:00;Noon (Position) - Sea passage;;24;261;N;15;12,21;W;58;0,39;USBTR;BRARB;202406-3-USBTR-BRARB;25102,29;24;0;0;0;22,8;;1,1;;;;533,8;17,8;200;;;;215;;751,6;OVDAdmin;2026-02-05 01:44
2025-01-24;16:00;Noon (Position) - Sea passage;;23;251;N;12;36,46;W;54;38,39;USBTR;BRARB;202406-3-USBTR-BRARB;25102,29;23;0;0;0;21,8;;0,6;0,7;;;510,7;17,8;200;;;;215;0,7;728,5;OVDAdmin;2026-02-05 01:44
2025-01-25;16:00;Noon (Position) - Sea passage;;24;267;N;9;50,5;W;51;4,96;USBTR;BRARB;202406-3-USBTR-BRARB;25102,29;24;0;0;0;22,7;;;0,6;;;487,4;17,8;200;;;;215;0,6;705,2;OVDAdmin;2026-02-05 01:44
2025-01-26;16:00;Noon (Position) - Sea passage;;24;290;N;6;41,7;W;47;25;USBTR;BRARB;202406-3-USBTR-BRARB;25102,29;24;0;0;0;22,8;;;0,6;;;464;17,8;200;;;;215;0,6;681,8;OVDAdmin;2026-02-05 01:44
2025-01-27;15:00;Noon (Position) - Sea passage;;23;282;N;3;29,33;W;43;55,53;USBTR;BRARB;202406-3-USBTR-BRARB;25102,29;23;0;0;0;21,7;;0,7;0,4;;;441,2;17,8;200;;;;215;0,4;659;OVDAdmin;2026-02-05 01:44
2025-01-28;15:00;Noon (Position) - Sea passage;;24;297;N;0;6,88;W;40;21,47;USBTR;BRARB;202406-3-USBTR-BRARB;25102,29;24;0;0;0;22,9;;0,6;0,6;;;417,1;17,8;200;;;;215;0,6;634,9;OVDAdmin;2026-02-05 01:44
2025-01-29;15:00;Noon (Position) - Sea passage;;24;285;S;2;58,9;W;36;48,9;USBTR;BRARB;202406-3-USBTR-BRARB;25102,29;24;0;0;0;22,7;;0,8;0,6;;;393;17,8;200;;;;215;0,6;610,8;OVDAdmin;2026-02-05 01:44
2025-01-30;15:00;Noon (Position) - Sea passage;;24;288;S;6;59,41;W;34;20,54;USBTR;BRARB;202406-3-USBTR-BRARB;25102,29;24;0;0;0;22,9;;1,2;0,7;;;368,2;17,8;200;;;;215;0,7;586;OVDAdmin;2026-02-05 01:44
2025-01-31;15:00;Noon (Position) - Sea passage;;24;305;S;11;23,3;W;36;35,49;USBTR;BRARB;202406-3-USBTR-BRARB;25102,29;24;0;0;0;22,9;;1,6;0,3;;;343,4;17,8;200;;;;215;0,3;561,2;OVDAdmin;2026-02-05 01:44
2025-02-01;02:24;End of sea passage;;11,4;157;S;13;7,94;W;38;31,26;USBTR;BRARB;202406-3-USBTR-BRARB;25102,29;11,4;0;0;0;10,9;;1,2;0,8;;;330,5;17,8;200;;;;215;0,8;548,3;OVDAdmin;2026-02-05 01:44
2025-02-01;15:00;Noon (Position) - Sea passage;;12,6;8;S;13;5,44;W;38;37,81;USBTR;BRARB;202406-3-USBTR-BRARB;25102,29;0;1,13;11,47;0;0,6;;2,4;1,2;;;326,3;17,8;200;;;;215;0,8;544,1;OVDAdmin;2026-02-05 01:44
2025-02-02;15:00;Noon (Position) - Sea passage;;24;0;S;13;5,48;W;38;37,81;USBTR;BRARB;202406-3-USBTR-BRARB;25102,29;0;0;24;0;;;4,2;3;;;319,1;17,8;200;;;;215;2,1;536,9;OVDAdmin;2026-02-05 01:44
2025-02-02;18:57;Arrival;;3,95;21;S;12;47;W;38;30;USBTR;BRARB;202406-3-USBTR-BRARB;25102,29;0;3,12;0,83;0;1,8;;0,9;0,2;;;316,2;17,8;200;;;;215;;534;OVDAdmin;2026-02-05 01:44
2025-02-03;15:00;Noon (Position) - Port;;20,05;0;S;12;46,99;W;38;30;BRARB;BRARB;202406-3-USBTR-BRARB;23977,46;0;0;0;0;;;3,9;2,4;;;309,9;17,8;200;;;613,97;215;1,8;527,7;OVDAdmin;2026-02-05 01:44
2025-02-04;08:35;Departure;CargoOperations;17,58;0,07;S;12;47;W;38;29,99;BRARB;BRARB;202406-3-USBTR-BRARB;23977,46;0;0;0;0;;;4,1;2,3;;;303,5;17,8;200;;;929,53;215;1,5;521,3;OVDAdmin;2026-02-05 01:44
2025-02-04;10:24;Begin of sea passage;;1,82;0;S;13;1,61;W;38;33,69;BRARB;BRSSZ;202406-4-BRARB-BRSSZ;23977,46;0;1,82;0;0;1,5;;0,3;;;;301,7;17,8;200;;;0;215;;519,5;OVDAdmin;2026-02-05 01:44
2025-02-04;15:00;Noon (Position) - Sea passage;;4,6;53;S;13;57,87;W;38;23,07;BRARB;BRSSZ;202406-4-BRARB-BRSSZ;23977,46;4,6;0;0;0;3,9;;0,6;0,3;;;296,9;17,8;200;;;0;215;0,3;514,7;OVDAdmin;2026-02-05 01:44
2025-02-05;15:00;Noon (Position) - Sea passage;;24;333;S;19;22,7;W;37;52,2;BRARB;BRSSZ;202406-4-BRARB-BRSSZ;23977,46;24;0;0;0;22,8;;1,4;0,5;;;272,2;17,8;200;;;0;215;0,5;490;OVDAdmin;2026-02-05 01:44
2025-02-06;15:00;Noon (Position) - Sea passage;;24;321;S;23;43,44;W;40;32,23;BRARB;BRSSZ;202406-4-BRARB-BRSSZ;23977,46;24;0;0;0;22,5;;1;0,5;;;248,2;17,8;200;;;0;215;0,5;466;OVDAdmin;2026-02-05 01:44
2025-02-07;15:00;Noon (Position) - Sea passage;;24;324;S;24;26,72;W;46;16,07;BRARB;BRSSZ;202406-4-BRARB-BRSSZ;23977,46;24;0;0;0;23,1;;1,4;0,5;;;223,2;17,8;200;;;0;215;0,5;441;OVDAdmin;2026-02-05 01:44
2025-02-07;16:00;End of sea passage;;1;8;S;24;15,14;W;46;22,99;BRARB;BRSSZ;202406-4-BRARB-BRSSZ;23977,46;1;0;0;0;0,9;;0,2;0,1;;;222;17,8;200;;;0;215;;439,8;OVDAdmin;2026-02-05 01:44
2025-02-08;15:00;Noon (Position) - Sea passage;;23;21;S;23;55,07;W;46;21,28;BRARB;BRSSZ;202406-4-BRARB-BRSSZ;23977,46;0;3,52;19,48;0;1,8;;4,1;1,8;;;214,3;17,8;200;;;0;215;1,3;432,1;OVDAdmin;2026-02-05 01:44
2025-02-08;15:25;Arrival;;0,42;5;S;23;55,2;W;46;21,64;BRARB;BRSSZ;202406-4-BRARB-BRSSZ;23977,46;0;0,42;0;0;0,2;;0,2;;;;213,9;17,8;200;;;0;215;;431,7;OVDAdmin;2026-02-05 01:44
2025-02-09;15:00;Noon (Position) - Port;;23,58;0;S;23;55,2;W;46;21,64;BRSSZ;BRSSZ;202406-4-BRARB-BRSSZ;11658,97;0;0;0;0;;;5,2;3,1;;;205,6;17,8;200;;;4671,66;215;2,3;423,4;OVDAdmin;2026-02-05 01:44
2025-02-10;15:00;Noon (Position) - Port;;24;0;S;23;55,2;W;46;21,64;BRSSZ;BRSSZ;202406-4-BRARB-BRSSZ;11658,97;0;0;0;0;;;6,9;3,1;;;195,6;17,8;200;;;7717,5;215;2,3;413,4;OVDAdmin;2026-02-05 01:44
2025-02-11;15:00;Noon (Position) - Port;;24;0;S;23;55,2;W;46;21,64;BRSSZ;BRSSZ;202406-4-BRARB-BRSSZ;11658,97;0;0;0;0;;;7;2,9;;;185,7;17,8;200;;;5460,56;215;2,1;403,5;OVDAdmin;2026-02-05 01:44
2025-02-12;15:00;Noon (Position) - Port;;24;0;S;23;55,2;W;46;21,64;BRSSZ;BRSSZ;202406-4-BRARB-BRSSZ;11658,97;0;0;0;0;;;6,5;2,5;;;176,7;17,8;200;;;5944,19;215;1,7;394,5;OVDAdmin;2026-02-05 01:44
2025-02-13;15:00;Noon (Position) - Port;;24;7;S;23;58,89;W;46;17,21;BRSSZ;BRSSZ;202406-4-BRARB-BRSSZ;11658,97;0;1,5;0;0;1,2;;5,6;2,5;;;167,4;17,8;200;399,25;;742,595;215;1,7;784,45;OVDAdmin;2026-02-05 01:44
2025-02-14;15:00;Noon (Position) - Port;;24;21;S;24;13,99;W;46;17,32;BRSSZ;BRSSZ;202406-4-BRARB-BRSSZ;11658,97;0;2,25;0;0;2,45;;6,1;4,1;;;154,75;17,8;200;399,25;;4788,28;215;1,7;771,8;OVDAdmin;2026-02-05 01:44
2025-02-15;15:00;Noon (Position) - Port;;24;0,1;S;24;13,93;W;46;17,21;BRSSZ;BRSSZ;202406-4-BRARB-BRSSZ;11658,97;0;0,2;0;0;0,1;;5;4,1;;;145,55;17,8;200;399,25;;0;215;3,3;762,6;OVDAdmin;2026-02-05 01:44
2025-02-16;15:00;Noon (Position) - Port;;24;26;S;23;55,48;W;46;19,81;BRSSZ;BRSSZ;202406-4-BRARB-BRSSZ;11658,97;0;3,57;0;0;4,1;;3,8;2,5;;;135,15;17,8;200;399,25;;13,72;215;1,7;752,2;OVDAdmin;2026-02-05 01:44
2025-02-17;15:00;Noon (Position) - Port;;24;0;S;23;55,48;W;46;19,81;BRSSZ;BRSSZ;202406-4-BRARB-BRSSZ;11658,97;0;0;0;0;;;3,8;2,1;;;129,25;17,8;200;399,25;;2274,09;215;1,3;746,3;OVDAdmin;2026-02-05 01:44
2025-02-18;08:08;Departure;;17,13;0;S;23;55,49;W;46;19,81;BRSSZ;BRSSZ;202406-4-BRARB-BRSSZ;11658,97;0;0;0;0;;;3;1;;;125,25;17,8;200;399,25;;1915,655;215;0,6;742,3;OVDAdmin;2026-02-05 01:44
2025-02-18;09:30;Begin of sea passage;;1,37;11;S;24;1,19;W;46;20,67;BRSSZ;BRRIO;202406-5-BRSSZ-BRRIO;11658,97;0;1,37;0;0;1;;0,3;;;;123,95;17,8;200;399,25;;0;215;;741;OVDAdmin;2026-02-05 01:44
2025-02-18;15:00;Noon (Position) - Sea passage;;5,5;76;S;24;20,06;W;45;22,86;BRSSZ;BRRIO;202406-5-BRSSZ-BRRIO;11658,97;5,5;0;0;0;5,1;;0,8;0,2;;;117,85;17,8;200;399,25;;0;215;0,2;734,9;OVDAdmin;2026-02-05 01:44
2025-02-19;01:00;End of sea passage;;10;137;S;23;9,79;W;43;14,62;BRSSZ;BRRIO;202406-5-BRSSZ-BRRIO;11658,97;10;0;0;0;9,2;;1,5;1,5;;;105,65;17,8;200;399,25;;0;215;1,5;722,7;OVDAdmin;2026-02-05 01:44
2025-02-19;10:35;Arrival;;9,58;30;S;22;49,4;W;43;9,73;BRSSZ;BRRIO;202406-5-BRSSZ-BRRIO;11658,97;0;9,58;0;0;2,1;;1,6;0,3;;;101,65;17,8;200;399,25;;0;215;0,3;718,7;OVDAdmin;2026-02-05 01:44
2025-02-19;15:00;Noon (Position) - Port;;4,42;0;S;22;49,41;W;43;9,73;BRRIO;BRRIO;202406-5-BRSSZ-BRRIO;6576,33;0;0;0;0;;;0,5;0,3;;;100,85;17,8;200;399,25;;0;215;;717,9;OVDAdmin;2026-02-05 01:44
2025-02-20;13:25;Departure;;22,42;0;S;22;49,4;W;43;9,73;BRRIO;BRRIO;202406-5-BRSSZ-BRRIO;6576,33;0;0;0;0;;;4,1;2,3;;;94,45;17,8;200;399,25;;6729,66;215;1,5;711,5;OVDAdmin;2026-02-05 01:44
2025-02-20;14:42;Begin of sea passage;;1,28;10;S;22;58,58;W;43;7,69;BRRIO;BRPNG;202406-6-BRRIO-BRPNG;6576,33;0;1,28;0;0;0,8;;0,3;0,1;;;93,25;17,8;200;399,25;;0;215;0,1;710,3;OVDAdmin;2026-02-05 01:44
2025-02-20;15:00;Noon (Position) - Sea passage;;0,3;4;S;23;2,41;W;43;5,73;BRRIO;BRPNG;202406-6-BRRIO-BRPNG;6576,33;0,3;0;0;0;0,2;;0,1;;;;92,95;17,8;200;399,25;;0;215;;710;OVDAdmin;2026-02-05 01:44
2025-02-21;14:42;End of sea passage;;23,7;317;S;25;42,59;W;48;2,95;BRRIO;BRPNG;202406-6-BRRIO-BRPNG;6576,33;23,7;0;0;0;22,6;;4,5;1,1;;;64,75;17,8;200;399,25;;0;215;1,1;681,8;OVDAdmin;2026-02-05 01:44
2025-02-21;15:00;Noon (Position) - Sea passage;;0,3;3;S;25;43,94;W;48;6,26;BRRIO;BRPNG;202406-6-BRRIO-BRPNG;6576,33;0;0,3;0;0;0,2;;0,1;;;;64,45;17,8;200;399,25;;0;215;;681,5;OVDAdmin;2026-02-05 01:44
2025-02-22;15:00;Noon (Position) - Sea passage;;24;3;S;25;43,93;W;48;9,93;BRRIO;BRPNG;202406-6-BRRIO-BRPNG;6576,33;0;0,72;23,28;0;0,1;;3,9;2,1;;;58,35;17,8;200;399,25;;0;215;1,3;675,4;OVDAdmin;2026-02-05 01:44
2025-02-23;15:00;Noon (Position) - Sea passage;;24;0;S;25;43,94;W;48;9,87;BRRIO;BRPNG;202406-6-BRRIO-BRPNG;6576,33;0;0;24;0;;;3,5;1,8;;;53,05;17,8;200;399,25;;0;215;1;670,1;OVDAdmin;2026-02-05 01:44
2025-02-24;15:00;Noon (Position) - Sea passage;;24;0;S;25;43,95;W;48;9,86;BRRIO;BRPNG;202406-6-BRRIO-BRPNG;6576,33;0;0;24;0;;;3,2;1,8;;;48,05;17,8;200;399,25;;0;215;1;665,1;OVDAdmin;2026-02-05 01:44
2025-02-25;14:15;Arrival;;23,25;28;S;25;30,02;W;48;32,3;BRRIO;BRPNG;202406-6-BRRIO-BRPNG;6576,33;0;4,12;19,13;0;2,8;;2,5;1,4;;;41,35;17,8;200;399,25;;0;215;0,7;658,4;OVDAdmin;2026-02-05 01:44
2025-02-25;15:00;Noon (Position) - Port;;0,75;0;S;25;30,02;W;48;32,3;BRPNG;BRPNG;202406-6-BRRIO-BRPNG;15496,19;0;0;0;0;;;0,2;;;;41,15;17,8;200;399,25;;0;215;;658,2;OVDAdmin;2026-02-05 01:44
2025-02-26;15:00;Noon (Position) - Port;;24;0;S;25;30,03;W;48;32,3;BRPNG;BRPNG;202406-6-BRRIO-BRPNG;15496,19;0;0;0;0;;;3,1;1,1;;;36,95;17,8;200;399,25;;0;215;0,4;654;OVDAdmin;2026-02-05 01:44
2025-02-27;14:30;Noon (Position) - Port;;23,5;0;S;25;30,03;W;48;32,3;BRPNG;BRPNG;202406-6-BRRIO-BRPNG;15496,19;0;0;0;0;;;3,7;3,2;;;30,05;17,8;200;399,25;;0;215;2,5;647,1;OVDAdmin;2026-02-05 01:44
2025-02-27;15:00;Departure;;0,5;3;S;25;29,77;W;48;29,81;BRPNG;BRPNG;202406-6-BRRIO-BRPNG;15496,19;0;0,5;0;0;0,4;;0,1;;;;29,55;17,8;200;399,25;;0;215;;646,6;OVDAdmin;2026-02-05 01:44
2025-02-27;16:36;Begin of sea passage;;1,6;18;S;25;39,35;W;48;14,64;BRPNG;BRRIG;202406-7-BRPNG-BRRIG;15496,19;0;1,6;0;0;1,3;;0,3;0,1;;;27,85;17,8;200;399,25;;0;215;0,1;644,9;OVDAdmin;2026-02-05 01:44
2025-02-28;15:00;Noon (Position) - Sea passage;;22,4;309;S;30;15,35;W;49;22,34;BRPNG;BRRIG;202406-7-BRPNG-BRRIG;15496,19;22,4;0;0;0;21,1;;0,5;1,2;;;5,05;17,8;200;399,25;;0;215;1,2;622,1;OVDAdmin;2026-02-05 01:44
2025-03-01;04:12;End of sea passage;;13,2;181;S;32;22;W;51;42,8;BRPNG;BRRIG;202406-7-BRPNG-BRRIG;15496,19;13,2;0;0;0;5,05;7,65;1,5;0,9;;;0;17,8;200;389,2;;0;215;0,9;607;OVDAdmin;2026-02-05 01:44
2025-03-01;07:20;Arrival;;3,13;25;S;32;4,67;W;52;5,59;BRPNG;BRRIG;202406-7-BRPNG-BRRIG;15496,19;0;3,13;0;0;2,4;;0,5;;;;17,8;200;386,3;;;0;215;;604,1;OVDAdmin;2026-02-05 01:44
2025-03-01;15:00;Noon (Position) - Port;;7,67;0;S;32;4,68;W;52;5,59;BRRIG;BRRIG;202406-7-BRPNG-BRRIG;23511,68;0;0;0;0;;;1,4;0,8;;;17,8;200;384,1;;;0;215;0,6;601,9;OVDAdmin;2026-02-05 01:44
2025-03-02;15:00;Noon (Position) - Port;;24;0;S;32;4,68;W;52;5,59;BRRIG;BRRIG;202406-7-BRPNG-BRRIG;23511,68;0;0;0;0;;;3,9;3,2;;;17,8;200;377;;;0;215;2,4;594,8;OVDAdmin;2026-02-05 01:44
2025-03-03;04:10;Departure;;13,17;0;S;32;4,68;W;52;5,59;BRRIG;BRRIG;202406-7-BRPNG-BRRIG;23511,68;0;0;0;0;;;2,3;2,7;;;17,8;200;372;;;0;215;2,2;589,8;OVDAdmin;2026-02-05 01:44
2025-03-03;05:36;Begin of sea passage;;1,43;13;S;32;14,39;W;51;59,46;BRRIG;ARCMP;202406-8-BRRIG-ARCMP;23511,68;0;1,43;0;0;1,4;;0,3;0,2;;;17,8;200;370,1;;;0;215;0,2;587,9;OVDAdmin;2026-02-05 01:44
2025-03-03;15:00;Noon (Position) - Sea passage;;9,4;126;S;34;11,2;W;52;25,1;BRRIG;ARCMP;202406-8-BRRIG-ARCMP;23511,68;9,4;0;0;0;9,1;;0,3;1,2;;;17,8;200;359,5;;;0;215;1,2;577,3;OVDAdmin;2026-02-05 01:44
2025-03-04;03:06;End of sea passage;;12,1;166;S;35;6,81;W;55;23,8;BRRIG;ARCMP;202406-8-BRRIG-ARCMP;23511,68;12,1;0;0;0;11,2;;0,5;0,8;;;17,8;200;347;;;0;215;0,8;564,8;OVDAdmin;2026-02-05 01:44
2025-03-04;15:00;Noon (Position) - Sea passage;;11,9;37;S;35;2,76;W;55;58,83;BRRIG;ARCMP;202406-8-BRRIG-ARCMP;23511,68;0;4,82;7,08;0;3,8;;2,1;0,5;;;17,8;200;340,6;;;0;215;0,3;558,4;OVDAdmin;2026-02-05 01:44
2025-03-05;08:10;Arrival;;17,17;172;S;34;9,41;W;58;55,13;BRRIG;ARCMP;202406-8-BRRIG-ARCMP;23511,68;0;16,5;0,67;0;9,2;;2,8;0,8;;;17,8;200;327,8;;;0;215;0,8;545,6;OVDAdmin;2026-02-05 01:44
2025-03-05;15:00;Noon (Position) - Port;;6,83;0;S;34;9,41;W;58;55,13;ARCMP;ARCMP;202406-8-BRRIG-ARCMP;16935,35;0;0;0;0;;;1;0,4;;;17,8;200;326,4;;;0;215;0,2;544,2;OVDAdmin;2026-02-05 01:44
2025-03-06;15:00;Noon (Position) - Port;;24;0;S;34;9,41;W;58;55,13;ARCMP;ARCMP;202406-8-BRRIG-ARCMP;16935,35;0;0;0;0;;;5,8;4,1;;;17,8;200;316,5;;;10046,47;215;3,3;534,3;OVDAdmin;2026-02-05 01:44
2025-03-07;15:00;Noon (Position) - Port;;24;66;S;34;43,62;W;57;52,2;ARCMP;ARCMP;202406-8-BRRIG-ARCMP;16935,35;0;7,73;0;0;7;;4,7;2,9;;;17,8;200;301,9;;;684,285;215;2,3;519,7;OVDAdmin;2026-02-05 01:44
2025-03-08;15:00;Noon (Position) - Port;;24;28;S;34;34,39;W;58;22,9;ARCMP;ARCMP;202406-8-BRRIG-ARCMP;16935,35;0;3,63;0;0;2,4;;4,2;3,6;;;17,8;200;291,7;;;0;215;2,8;509,5;OVDAdmin;2026-02-05 01:44
2025-03-09;15:00;Noon (Position) - Port;;24;31;S;34;45,01;W;57;49,28;ARCMP;ARCMP;202406-8-BRRIG-ARCMP;16935,35;0;3,88;0;0;3,8;;4,1;3,3;;;17,8;200;280,5;;;0;215;2,7;498,3;OVDAdmin;2026-02-05 01:44
2025-03-10;15:00;Noon (Position) - Port;;24;122;S;34;54,22;W;56;13,39;ARCMP;ARCMP;202406-8-BRRIG-ARCMP;16935,35;0;10,77;0;0;10,9;;4;3,7;;;17,8;200;261,9;289,9;;0;215;3,3;769,6;OVDAdmin;2026-02-05 01:44
2025-03-11;15:00;Noon (Position) - Port;;24;1;S;34;54,01;W;56;12,52;ARCMP;ARCMP;202406-8-BRRIG-ARCMP;16935,35;0;0,5;0;0;0,2;;3,3;3,6;;;17,8;200;254,8;289,9;;0;215;3;762,5;OVDAdmin;2026-02-05 01:44
2025-03-12;12:25;Departure;;21,42;0;S;34;54;W;56;12,52;ARCMP;ARCMP;202406-8-BRRIG-ARCMP;16935,35;0;0;0;0;;;3,1;1,7;;;17,8;200;250;289,9;;0;215;1,1;757,7;OVDAdmin;2026-02-05 01:44
2025-03-12;15:00;Begin of sea passage;;2,58;26;S;35;3,83;W;55;51,9;ARCMP;USBPD;202406-9-ARCMP-USBPD;16935,35;0;2,58;0;0;2,1;;0,5;0,3;;;17,8;200;247,1;289,9;;0;215;0,3;754,8;OVDAdmin;2026-02-05 01:44
2025-03-13;15:00;Noon (Position) - Sea passage;;24;304;S;32;50,73;W;50;42,49;ARCMP;USBPD;202406-9-ARCMP-USBPD;16935,35;24;0;0;0;23,2;;0,8;3,1;;;17,8;200;220;289,9;;0;215;3,1;727,7;OVDAdmin;2026-02-05 01:44
2025-03-14;15:00;Noon (Position) - Sea passage;;24;282;S;29;41,85;W;46;39,68;ARCMP;USBPD;202406-9-ARCMP-USBPD;16935,35;24;0;0;0;23,3;;1,2;3,1;;;17,8;200;192,4;289,9;;0;215;3,1;700,1;OVDAdmin;2026-02-05 01:44
2025-03-15;15:00;Noon (Position) - Sea passage;;24;307;S;26;14,55;W;42;22,6;ARCMP;USBPD;202406-9-ARCMP-USBPD;16935,35;24;0;0;0;23,2;;1,6;0,5;;;17,8;200;167,1;289,9;;0;215;0,5;674,8;OVDAdmin;2026-02-05 01:44
2025-03-16;16:00;Noon (Position) - Sea passage;;25;321;S;22;16,94;W;38;26,18;ARCMP;USBPD;202406-9-ARCMP-USBPD;16935,35;25;0;0;0;24,2;;1,2;1,5;;;17,8;200;140,2;289,9;;0;215;1,5;647,9;OVDAdmin;2026-02-05 01:44
2025-03-17;16:00;Noon (Position) - Sea passage;;24;306;S;17;36,24;W;36;35,05;ARCMP;USBPD;202406-9-ARCMP-USBPD;16935,35;24;0;0;0;23,3;;1,5;2,5;;;17,8;200;112,9;289,9;;0;215;2,5;620,6;OVDAdmin;2026-02-05 01:44
2025-03-18;16:00;Noon (Position) - Sea passage;;24;304;S;12;36,56;W;35;23,41;ARCMP;USBPD;202406-9-ARCMP-USBPD;16935,35;24;0;0;0;23,3;;1;2,5;;;17,8;200;86,1;289,9;;0;215;2,5;593,8;OVDAdmin;2026-02-05 01:44
2025-03-19;16:00;Noon (Position) - Sea passage;;24;307;S;7;47,01;W;34;26,37;ARCMP;USBPD;202406-9-ARCMP-USBPD;16935,35;24;0;0;0;23,3;;0,4;2,4;;;17,8;200;60;289,9;;0;215;2,4;567,7;OVDAdmin;2026-02-05 01:44
2025-03-20;16:00;Noon (Position) - Sea passage;;24;331;S;3;24,18;W;37;8,72;ARCMP;USBPD;202406-9-ARCMP-USBPD;16935,35;24;0;0;0;23,1;;1;1,8;;;17,8;200;34,1;289,9;;0;215;1,8;541,8;OVDAdmin;2026-02-05 01:44
2025-03-21;16:00;Noon (Position) - Sea passage;;24;333;S;0;1,09;W;41;32,65;ARCMP;USBPD;202406-9-ARCMP-USBPD;16935,35;24;0;0;0;23,1;;1,3;1,2;;;17,8;200;8,5;289,9;;0;215;1,2;516,2;OVDAdmin;2026-02-05 01:44
2025-03-22;16:00;Noon (Position) - Sea passage;;24;307;N;2;59,01;W;45;41,72;ARCMP;USBPD;202406-9-ARCMP-USBPD;16935,35;24;0;0;0;8,5;14,6;1,2;1,2;;;17,8;200;0;272,9;;0;215;1,2;490,7;OVDAdmin;2026-02-05 01:44
2025-03-23;16:00;Noon (Position) - Sea passage;;24;319;N;5;36,89;W;50;18,66;ARCMP;USBPD;202406-9-ARCMP-USBPD;16935,35;24;0;0;0;23;;0,3;1,3;;;17,8;200;248,3;;;0;215;1,3;466,1;OVDAdmin;2026-02-05 01:44
2025-03-24;16:00;Noon (Position) - Sea passage;;24;342;N;9;0,65;W;54;56,42;ARCMP;USBPD;202406-9-ARCMP-USBPD;16935,35;24;0;0;0;22,9;;0,5;1,1;;;17,8;200;223,8;;;0;215;1,1;441,6;OVDAdmin;2026-02-05 01:44
2025-03-25;16:00;Noon (Position) - Sea passage;;24;295;N;11;56,42;W;58;56,94;ARCMP;USBPD;202406-9-ARCMP-USBPD;16935,35;24;0;0;0;22,1;;0,5;1,2;;;17,8;200;200;;;0;215;1,2;417,8;OVDAdmin;2026-02-05 01:44
2025-03-26;16:00;Noon (Position) - Sea passage;;24;321;N;14;22,15;W;63;46,84;ARCMP;USBPD;202406-9-ARCMP-USBPD;16935,35;24;0;0;0;22,8;;1;1,5;;;17,8;200;174,7;;;0;215;1,5;392,5;OVDAdmin;2026-02-05 01:44
2025-03-27;16:00;Noon (Position) - Sea passage;;24;323;N;16;2,27;W;69;3,98;ARCMP;USBPD;202406-9-ARCMP-USBPD;16935,35;24;0;0;0;22,8;;1;1,4;;;17,8;200;149,5;;;0;215;1,4;367,3;OVDAdmin;2026-02-05 01:44
2025-03-28;16:00;Noon (Position) - Sea passage;;24;328;N;17;37,05;W;74;31,29;ARCMP;USBPD;202406-9-ARCMP-USBPD;16935,35;24;0;0;0;22,9;;0,8;3,5;;;17,8;200;122,3;;;0;215;3,5;340,1;OVDAdmin;2026-02-05 01:44
2025-03-29;16:00;Noon (Position) - Sea passage;;24;321;N;19;56,47;W;79;36,8;ARCMP;USBPD;202406-9-ARCMP-USBPD;16935,35;24;0;0;0;23;;1;4,5;;;17,8;200;93,8;;;0;215;4,5;311,6;OVDAdmin;2026-02-05 01:44
2025-03-30;17:00;Noon (Position) - Sea passage;;25;353;N;21;36,42;W;85;13,31;ARCMP;USBPD;202406-9-ARCMP-USBPD;16935,35;25;0;0;0;23,9;;1,1;2,1;;;17,8;200;66,7;;;0;215;2,1;284,5;OVDAdmin;2026-02-05 01:44
2025-03-31;17:00;Noon (Position) - Sea passage;;24;346;N;25;26,86;W;89;36,31;ARCMP;USBPD;202406-9-ARCMP-USBPD;16935,35;24;0;0;0;20,1;1,3;0,3;0,3;0,8;1,1;15,9;200;44,7;;;0;215;1,4;260,6;OVDAdmin;2026-02-05 01:44
2025-04-01;17:00;Noon (Position) - Sea passage;;24;301;N;28;56,78;W;93;30,42;ARCMP;USBPD;202406-9-ARCMP-USBPD;16935,35;24;0;0;0;23;;1,2;;;2,5;14,7;174,5;44,7;;;0;215;2,5;233,9;OVDAdmin;2026-02-05 01:44
2025-04-01;18:36;End of sea passage;;1,6;21;N;29;17,37;W;93;39,93;ARCMP;USBPD;202406-9-ARCMP-USBPD;16935,35;1,6;0;0;0;1,4;;0,4;0,2;;;14,1;173,1;44,7;;;0;215;0,2;231,9;OVDAdmin;2026-02-05 01:44
2025-04-02;17:00;Noon (Position) - Sea passage;;22,4;9;N;29;25,44;W;93;37,73;ARCMP;USBPD;202406-9-ARCMP-USBPD;16935,35;0;1;21,4;0;0,3;;3,1;4,1;;;6,9;172,8;44,7;;;0;215;4,1;224,4;OVDAdmin;2026-02-05 01:44
2025-04-03;17:00;Noon (Position) - Sea passage;;24;0;N;29;25,45;W;93;37,71;ARCMP;USBPD;202406-9-ARCMP-USBPD;16935,35;0;0;24;0;;;3,4;;;5,1;3,5;167,7;44,7;;;0;215;4,3;215,9;OVDAdmin;2026-02-05 01:44
2025-04-04;17:00;Noon (Position) - Sea passage;;24;0;N;29;25,44;W;93;37,74;ARCMP;USBPD;202406-9-ARCMP-USBPD;16935,35;0;0;24;0;;;3,5;;;4,8;0;162,9;44,7;;;0;215;4;207,6;OVDAdmin;2026-02-05 01:44
2025-04-05;17:00;Noon (Position) - Sea passage;;24;0;N;29;25,45;W;93;37,73;ARCMP;USBPD;202406-9-ARCMP-USBPD;16935,35;0;0;24;0;;;3,5;7,5;;;151,9;44,7;;;;0;215;6,7;196,6;OVDAdmin;2026-02-05 01:44
2025-04-06;17:00;Noon (Position) - Sea passage;;24;0;N;29;25,19;W;93;37,54;ARCMP;USBPD;202406-9-ARCMP-USBPD;16935,35;0;0;24;0;;;3,5;7,5;;;140,9;44,7;;;;0;215;6,7;185,6;OVDAdmin;2026-02-05 01:44
2025-04-07;15:50;Arrival;;22,83;59;N;30;4,79;W;94;5,18;ARCMP;USBPD;202406-9-ARCMP-USBPD;16935,35;0;7,97;14,87;0;5,4;;3,4;5,8;;;126,3;44,7;;;;0;215;5,3;171;OVDAdmin;2026-02-05 01:44
2025-04-07;17:00;Noon (Position) - Port;;1,17;0;N;30;4,8;W;94;5,18;USBPD;USBPD;202406-9-ARCMP-USBPD;21135,85;0;0;0;0;;;0,2;0,3;;;125,8;44,7;;;;0;215;0,3;170,5;OVDAdmin;2026-02-05 01:44
2025-04-08;17:00;Noon (Position) - Port;;24;0;N;30;4,8;W;94;5,18;USBPD;USBPD;202406-9-ARCMP-USBPD;21135,85;0;0;0;0;;;3,6;3,5;;;118,7;44,7;;;;5244,47;215;2,7;163,4;OVDAdmin;2026-02-05 01:44
2025-04-09;17:00;Noon (Position) - Port;;24;0;N;30;4,8;W;94;5,18;USBPD;USBPD;202406-9-ARCMP-USBPD;21135,85;0;0;0;0;;;4,4;9,4;;;104,9;44,7;200;;;0;215;8,6;349,6;OVDAdmin;2026-02-05 01:44
2025-04-09;18:26;Departure;;1,43;0;N;30;4,79;W;94;5,18;USBPD;USBPD;202406-9-ARCMP-USBPD;21135,85;0;0;0;0;;;0,2;0,3;;;104,4;44,7;200;;;0;215;0,3;349,1;OVDAdmin;2026-02-05 01:44
2025-04-10;01:54;Begin of sea passage;;7,47;61;N;29;21,79;W;93;39,76;USBPD;USMSY;202501-1-USBPD-USMSY;21135,85;0;7,47;0;0;7,2;;1,5;2,1;;;93,6;44,7;200;;;0;215;2,1;338,3;OVDAdmin;2026-02-05 01:44
2025-04-10;17:00;Noon (Position) - Sea passage;;15,1;210;N;27;58,61;W;90;47,01;USBPD;USMSY;202501-1-USBPD-USMSY;21135,85;15,1;0;0;0;14,4;;3;7,1;;;69,1;44,7;200;;;0;215;3,6;313,8;OVDAdmin;2026-02-05 01:44
2025-04-10;23:12;End of sea passage;;6,2;86;N;28;45,23;W;89;30,19;USBPD;USMSY;202501-1-USBPD-USMSY;21135,85;6,2;0;0;0;5,7;;1,7;2,8;;;58,9;44,7;200;;;0;215;2,8;303,6;OVDAdmin;2026-02-05 01:44
2025-04-11;13:30;Arrival;;14,3;129;N;29;56,34;W;90;19,19;USBPD;USMSY;202501-1-USBPD-USMSY;21135,85;0;14,3;0;0;12,9;;2,6;3,5;;;39,9;44,7;200;;;0;215;3,5;284,6;OVDAdmin;2026-02-05 01:44
2025-04-11;17:00;Noon (Position) - Port;;3,5;0;N;29;56,34;W;90;19,19;USMSY;USMSY;202501-1-USBPD-USMSY;0;0;0;0;0;;;0,6;0,8;;;38,5;44,7;200;;;0;215;0,4;283,2;OVDAdmin;2026-02-05 01:44
2025-04-12;17:00;Noon (Position) - Port;;24;0;N;29;56,34;W;90;19,19;USMSY;USMSY;202501-1-USBPD-USMSY;0;0;0;0;0;;;5;7,6;;;25,9;44,7;200;;;7374,5;215;7;270,6;OVDAdmin;2026-02-05 01:44
2025-04-13;17:00;Noon (Position) - Port;;24;0;N;29;56,34;W;90;19,19;USMSY;USMSY;202501-1-USBPD-USMSY;0;0;0;0;0;;;5,8;9,4;;;10,7;44,7;200;;;14920,5;215;5,5;255,4;OVDAdmin;2026-02-05 01:44
2025-04-14;13:30;Noon (Position) - Port;;20,5;0;N;29;56,34;W;90;19,19;USMSY;USMSY;202501-1-USBPD-USMSY;0;0;0;0;0;;;5,8;4,9;;3,2;0;44,7;196,8;;;5145;215;4,5;241,5;OVDAdmin;2026-02-05 01:44
2025-04-14;17:00;Departure;;3,5;49;N;29;42,29;W;89;58,63;USMSY;USMSY;202501-1-USBPD-USMSY;0;0;3,5;0;0;3,8;;0,7;;;;44,7;192,3;;;;0;215;;237;OVDAdmin;2026-02-05 01:44
2025-04-14;22:00;Begin of sea passage;;5;77;N;28;52,09;W;89;25,65;USMSY;USHOU;202501-2-USMSY-USHOU;0;0;5;0;0;3,4;;1,1;;;;44,7;187,8;;;;0;215;;232,5;OVDAdmin;2026-02-05 01:44
2025-04-15;17:00;Noon (Position) - Sea passage;;19;164;N;27;53,89;W;92;2,2;USMSY;USHOU;202501-2-USMSY-USHOU;0;19;0;0;0;16,5;;5,8;5,4;;;44,7;160,1;;;;0;215;;204,8;OVDAdmin;2026-02-05 01:44
2025-04-16;14:30;End of sea passage;;21,5;210;N;29;8,6;W;94;24,59;USMSY;USHOU;202501-2-USMSY-USHOU;0;21,5;0;0;0;10,2;;3,8;2,3;;;44,7;143,8;;;;0;215;;188,5;OVDAdmin;2026-02-05 01:44
2025-04-16;17:00;Noon (Position) - Sea passage;;2,5;7;N;29;15,69;W;94;27,55;USMSY;USHOU;202501-2-USMSY-USHOU;0;0;1,17;1,33;0;0,9;;0,5;;;;44,7;142,4;;;;0;215;;187,1;OVDAdmin;2026-02-05 01:44
2025-04-17;01:20;Arrival;;8,33;51;N;29;44,68;W;95;5,98;USMSY;USHOU;202501-2-USMSY-USHOU;0;0;5,58;2,75;0;1,5;;1,1;0,2;;;44,7;139,6;;;;0;215;;184,3;OVDAdmin;2026-02-05 01:44
2025-04-17;17:00;Noon (Position) - Port;;15,67;0;N;29;44,68;W;95;5,98;USHOU;USHOU;202501-2-USMSY-USHOU;21593,56;0;0;0;0;;;2,5;0,4;;;44,7;136,7;;;;0;215;;181,4;OVDAdmin;2026-02-05 01:44
2025-04-18;17:00;Noon (Position) - Port;;24;62;N;29;22,54;W;94;53,47;USHOU;USHOU;202501-2-USMSY-USHOU;21593,56;0;6,98;0;0;3,5;;3,7;0,5;;;44,7;129;;;;0;215;;173,7;OVDAdmin;2026-02-05 01:44
2025-04-19;17:00;Noon (Position) - Port;;24;1;N;29;22,67;W;94;53,53;USHOU;USHOU;202501-2-USMSY-USHOU;21593,56;0;0,8;0;0;0,4;;3,5;0,6;;;44,7;124,5;;;;0;215;;169,2;OVDAdmin;2026-02-05 01:44
2025-04-20;17:00;Noon (Position) - Port;;24;36;N;29;44,83;W;95;5,88;USHOU;USHOU;202501-2-USMSY-USHOU;21593,56;0;4,5;0;0;3,8;;4,1;0,6;;;44,7;116;;;;0;215;;160,7;OVDAdmin;2026-02-05 01:44
2025-04-21;17:00;Noon (Position) - Port;;24;0;N;29;44,83;W;95;5,88;USHOU;USHOU;202501-2-USMSY-USHOU;21593,56;0;0;0;0;;;4,6;0,8;;;44,7;110,6;;;;0;215;;155,3;OVDAdmin;2026-02-05 01:44
2025-04-22;17:00;Noon (Position) - Port;;24;50;N;29;15,5;W;94;33,94;USHOU;USHOU;202501-2-USMSY-USHOU;21593,56;0;6,57;0;0;5,5;;4,8;0,6;;;44,7;99,7;;;;0;215;;144,4;OVDAdmin;2026-02-05 01:44
2025-04-23;17:00;Noon (Position) - Port;;24;40;N;29;43,37;W;95;1,19;USHOU;USHOU;202501-2-USMSY-USHOU;21593,56;0;4,38;0;0;3,8;;4,6;0,6;;;44,7;90,7;;;;0;215;;135,4;OVDAdmin;2026-02-05 01:44
2025-04-24;17:00;Noon (Position) - Port;;24;40;N;29;14,02;W;94;35,96;USHOU;USHOU;202501-2-USMSY-USHOU;21593,56;0;4,03;0;0;4,5;;4,6;0,6;;;44,7;81;;;;0;215;;125,7;OVDAdmin;2026-02-05 01:44
2025-04-25;17:00;Noon (Position) - Port;;24;24;N;29;21,69;W;94;55;USHOU;USHOU;202501-2-USMSY-USHOU;21593,56;0;3,25;0;0;3,9;;4,2;0,8;;;44,7;72,1;;;;0;215;;116,8;OVDAdmin;2026-02-05 01:44
2025-04-26;17:00;Noon (Position) - Port;;24;24;N;29;18,8;W;94;33,33;USHOU;USHOU;202501-2-USMSY-USHOU;21593,56;0;3,22;0;0;2,8;;4,7;0,8;;;44,7;63,8;;;;0;215;;108,5;OVDAdmin;2026-02-05 01:44
2025-04-27;17:00;Noon (Position) - Port;;24;0;N;29;18,78;W;94;33,31;USHOU;USHOU;202501-2-USMSY-USHOU;21593,56;0;0;0;0;;;3,5;0,7;;;44,7;59,6;;;;0;215;;104,3;OVDAdmin;2026-02-05 01:44
2025-04-28;17:00;Noon (Position) - Port;;24;35;N;29;36,54;W;95;1,26;USHOU;USHOU;202501-2-USMSY-USHOU;21593,56;0;4;0;0;3,9;;4,2;0,6;;;44,7;50,9;200;700;;0;215;;995,6;OVDAdmin;2026-02-05 01:44
2025-04-29;17:00;Noon (Position) - Port;;24;53;N;29;20,75;W;94;43,05;USHOU;USHOU;202501-2-USMSY-USHOU;21593,56;0;5,87;0;0;5,8;;4,1;0,5;;;44,7;40,5;200;700;;0;215;;985,2;OVDAdmin;2026-02-05 01:44
2025-04-30;14:05;Noon (Position) - Port;;21,08;25;N;29;36,57;W;95;1,46;USHOU;USHOU;202501-2-USMSY-USHOU;21593,56;0;3,33;0;0;2,1;;3,4;0,5;;;44,7;34,5;200;700;;0;215;;979,2;OVDAdmin;2026-02-05 01:44
2025-04-30;17:00;Departure;;2,92;24;N;29;20,58;W;94;45,02;USHOU;USHOU;202501-2-USMSY-USHOU;21593,56;0;2,92;0;0;2,8;;0,7;;;;44,7;31;200;700;;0;215;;975,7;OVDAdmin;2026-02-05 01:44
2025-04-30;17:48;Begin of sea passage;;0,8;8;N;29;17,9;W;94;36,75;USHOU;USFPO;202502-1-USHOU-USFPO;21593,56;0;0,8;0;0;0,1;;0,1;;;;44,7;30,8;200;700;;0;215;;975,5;OVDAdmin;2026-02-05 01:44
2025-04-30;22:30;End of sea passage;;4,7;56;N;28;45,89;W;95;7,21;USHOU;USFPO;202502-1-USHOU-USFPO;21593,56;4,7;0;0;0;4,7;;1,3;;;;44,7;24,8;200;700;;0;215;;969,5;OVDAdmin;2026-02-05 01:44
2025-05-01;04:05;Arrival;;5,58;17;N;28;56,6;W;95;19,03;USHOU;USFPO;202502-1-USHOU-USFPO;21593,56;0;2,53;3,05;0;4,6;;1,3;;;;44,7;18,9;200;700;;0;215;;963,6;OVDAdmin;2026-02-05 01:44
2025-05-01;17:00;Noon (Position) - Port;;12,92;0;N;28;56,6;W;95;19,03;USFPO;USFPO;202502-1-USHOU-USFPO;24561,99;0;0;0;0;2,1;;1,4;0,4;;;44,7;15;200;700;;0;215;;959,7;OVDAdmin;2026-02-05 01:44
2025-05-02;17:00;Noon (Position) - Port;;24;0;N;28;56,6;W;95;19,03;USFPO;USFPO;202502-1-USHOU-USFPO;24561,99;0;0;0;0;;;3,9;1,3;;;44,7;9,8;200;700;;0;215;0,5;954,5;OVDAdmin;2026-02-05 01:44
2025-05-03;12:25;Departure;;19,42;0;N;28;56,6;W;95;19,03;USFPO;USFPO;202502-1-USHOU-USFPO;24561,99;0;0;0;0;;;3;1,1;;;44,7;5,7;200;700;;0;215;0,6;950,4;OVDAdmin;2026-02-05 01:44
2025-05-03;13:12;Begin of sea passage;;0,78;7;N;28;52,69;W;95;15;USFPO;BRARB;202502-2-USFPO-BRARB;24561,99;0;0,78;0;0;1,1;;0,2;;;;44,7;4,4;200;700;;;215;;949,1;OVDAdmin;2026-02-05 01:44
2025-05-03;17:00;Noon (Position) - Sea passage;;3,8;47;N;28;18,19;W;94;39,17;USFPO;BRARB;202502-2-USFPO-BRARB;24561,99;3,8;0;0;0;3,4;;0,4;;;;44,7;4;196,6;700;;;215;;945,3;OVDAdmin;2026-02-05 01:44
2025-05-04;17:00;Noon (Position) - Sea passage;;24;303;N;25;21,26;W;91;33,89;USFPO;BRARB;202502-2-USFPO-BRARB;24561,99;24;0;0;0;11,2;9,8;1,5;;1,1;;32;2,9;186,8;700;;;215;;921,7;OVDAdmin;2026-02-05 01:44
2025-05-05;17:00;Noon (Position) - Sea passage;;24;269;N;24;24,39;W;86;57,56;USFPO;BRARB;202502-2-USFPO-BRARB;24561,99;24;0;0;0;22,1;;0,3;;;;9,6;2,9;186,8;700;;;215;;899,3;OVDAdmin;2026-02-05 01:44
2025-05-06;17:00;Noon (Position) - Sea passage;;24;310;N;23;23,92;W;81;27,62;USFPO;BRARB;202502-2-USFPO-BRARB;24561,99;24;0;0;0;9,6;12,9;0,2;;;;0;2,9;186,8;686,9;;;215;;876,6;OVDAdmin;2026-02-05 01:44
2025-05-07;16:00;Noon (Position) - Sea passage;;23;283;N;21;40,72;W;76;49,05;USFPO;BRARB;202502-2-USFPO-BRARB;24561,99;23;0;0;0;21,8;;1;;;;2,9;186,8;664,1;;;;215;;853,8;OVDAdmin;2026-02-05 01:44
2025-05-08;16:00;Noon (Position) - Sea passage;;24;292;N;20;15,13;W;71;56,84;USFPO;BRARB;202502-2-USFPO-BRARB;24561,99;24;0;0;0;22,5;;1,1;;;;2,9;186,8;640,5;;;;215;;830,2;OVDAdmin;2026-02-05 01:44
2025-05-09;16:00;Noon (Position) - Sea passage;;24;285;N;19;40,73;W;67;1,85;USFPO;BRARB;202502-2-USFPO-BRARB;24561,99;24;0;0;0;22,1;;0,3;;;;2,9;186,8;618,1;;;;215;;807,8;OVDAdmin;2026-02-05 01:44
2025-05-10;16:00;Noon (Position) - Sea passage;;24;287;N;18;38,48;W;62;21,32;USFPO;BRARB;202502-2-USFPO-BRARB;24561,99;24;0;0;0;22,1;;0,3;;;;2,9;186,8;595,7;;;;215;;785,4;OVDAdmin;2026-02-05 01:44
2025-05-11;16:00;Noon (Position) - Sea passage;;24;285;N;15;47,7;W;58;25,32;USFPO;BRARB;202502-2-USFPO-BRARB;24561,99;24;0;0;0;22,2;;;;;;2,9;186,8;573,5;;;;215;;763,2;OVDAdmin;2026-02-05 01:44
2025-05-12;16:00;Noon (Position) - Sea passage;;24;270;N;12;52,37;W;54;53,17;USFPO;BRARB;202502-2-USFPO-BRARB;24561,99;24;0;0;0;22,2;;1;;;;2,9;186,8;550,3;;;;215;;740;OVDAdmin;2026-02-05 01:44
2025-05-13;16:00;Noon (Position) - Sea passage;;24;266;N;9;59,24;W;51;30,99;USFPO;BRARB;202502-2-USFPO-BRARB;24561,99;24;0;0;0;22,1;;1,4;;;;2,9;186,8;526,8;;;;215;;716,5;OVDAdmin;2026-02-05 01:44
2025-05-14;15:00;Noon (Position) - Sea passage;;23;253;N;7;17,29;W;48;21,51;USFPO;BRARB;202502-2-USFPO-BRARB;24561,99;23;0;0;0;21,1;;1;;;;2,9;186,8;504,7;;;;215;;694,4;OVDAdmin;2026-02-05 01:44
2025-05-15;15:00;Noon (Position) - Sea passage;;24;276;N;4;17,21;W;44;48,93;USFPO;BRARB;202502-2-USFPO-BRARB;24561,99;24;0;0;0;22,5;;2,1;;;;2,9;186,8;480,1;;;;215;;669,8;OVDAdmin;2026-02-05 01:44
2025-05-16;15:00;Noon (Position) - Sea passage;;24;314;N;0;53,6;W;40;50,1;USFPO;BRARB;202502-2-USFPO-BRARB;24561,99;24;0;0;0;22,1;;2,1;;;;2,9;186,8;455,9;;;;215;;645,6;OVDAdmin;2026-02-05 01:44
2025-05-17;15:00;Noon (Position) - Sea passage;;24;251;S;1;50,23;W;37;39,92;USFPO;BRARB;202502-2-USFPO-BRARB;24561,99;24;0;0;0;22,6;;1,2;;;;2,9;186,8;432,1;;;;215;;621,8;OVDAdmin;2026-02-05 01:44
2025-05-18;15:00;Noon (Position) - Sea passage;;24;249;S;4;47,18;W;34;45,41;USFPO;BRARB;202502-2-USFPO-BRARB;24561,99;24;0;0;0;22,1;;1,1;;;;2,9;186,8;408,9;;;;215;;598,6;OVDAdmin;2026-02-05 01:44
2025-05-19;15:00;Noon (Position) - Sea passage;;24;265;S;9;8,25;W;34;49,13;USFPO;BRARB;202502-2-USFPO-BRARB;24561,99;24;0;0;0;22,2;;1,1;;;;2,9;186,8;385,6;;;;215;;575,3;OVDAdmin;2026-02-05 01:44
2025-05-20;15:00;Noon (Position) - Sea passage;;24;265;S;12;29,88;W;37;41,34;USFPO;BRARB;202502-2-USFPO-BRARB;24561,99;24;0;0;0;22,1;;1,9;;;;2,9;186,8;361,6;;;;215;;551,3;OVDAdmin;2026-02-05 01:44
2025-05-20;20:00;End of sea passage;;5;60;S;13;7,1;W;38;32,02;USFPO;BRARB;202502-2-USFPO-BRARB;24561,99;5;0;0;0;4,3;;0,6;;;;2,9;186,8;356,7;;;;215;;546,4;OVDAdmin;2026-02-05 01:44
2025-05-21;15:00;Noon (Position) - Sea passage;;19;4;S;13;5,94;W;38;36,78;USFPO;BRARB;202502-2-USFPO-BRARB;24561,99;0;0,92;18,08;0;0,8;;2,1;0,4;;;2,9;186,8;353,4;;;;215;;543,1;OVDAdmin;2026-02-05 01:44
2025-05-21;19:22;Arrival;;4,37;21;S;12;46,97;W;38;30,03;USFPO;BRARB;202502-2-USFPO-BRARB;24561,99;0;2,83;1,53;0;1,8;;0,4;;;;2,9;186,8;351,2;;;;215;;540,9;OVDAdmin;2026-02-05 01:44
2025-05-22;15:00;Noon (Position) - Port;;19,63;0;S;12;46,96;W;38;30,04;BRARB;BRARB;202502-2-USFPO-BRARB;26958,92;0;0;0;0;;;2,9;0,6;;;2,9;186,8;347,7;;;;215;;537,4;OVDAdmin;2026-02-05 01:44
2025-05-22;20:52;Departure;CargoOperations;5,87;0;S;12;46,96;W;38;30,03;BRARB;BRARB;202502-2-USFPO-BRARB;26958,92;0;0;0;0;;;1,1;0,2;;;2,9;186,8;346,4;;;;215;;536,1;OVDAdmin;2026-02-05 01:44
2025-05-22;22:30;Begin of sea passage;;1,63;15;S;12;58,93;W;38;33,47;BRARB;BRSSZ;202502-3-BRARB-BRSSZ;26958,92;0;1,63;0;0;1;;0,2;;;;2,9;186,8;345,2;;;0;215;;534,9;OVDAdmin;2026-02-05 01:44
2025-05-23;15:00;Noon (Position) - Sea passage;;16,5;199;S;16;5,44;W;37;51,72;BRARB;BRSSZ;202502-3-BRARB-BRSSZ;26958,92;16,5;0;0;0;15,1;;0,3;;;;2,9;186,8;329,8;;;0;215;;519,5;OVDAdmin;2026-02-05 01:44
2025-05-24;15:00;Noon (Position) - Sea passage;;24;292;S;20;58,86;W;37;49,88;BRARB;BRSSZ;202502-3-BRARB-BRSSZ;26958,92;24;0;0;0;22,1;;0,4;;;;2,9;186,8;307,3;;;0;215;;497;OVDAdmin;2026-02-05 01:44
2025-05-25;15:00;Noon (Position) - Sea passage;;24;287;S;23;55,1;W;41;40,94;BRARB;BRSSZ;202502-3-BRARB-BRSSZ;26958,92;24;0;0;0;22,1;;1,8;;;;2,9;186,8;283,4;;;0;215;;473,1;OVDAdmin;2026-02-05 01:44
2025-05-26;12:36;End of sea passage;;21,6;281;S;24;6,3;W;46;22,78;BRARB;BRSSZ;202502-3-BRARB-BRSSZ;26958,92;21,6;0;0;0;19,1;;0,5;;;;2,9;186,8;263,8;;;0;215;;453,5;OVDAdmin;2026-02-05 01:44
2025-05-26;14:12;Arrival;;1,6;10;S;23;58,96;W;46;17,22;BRARB;BRSSZ;202502-3-BRARB-BRSSZ;26958,92;0;1,6;0;0;0,4;;0,1;;;;2,9;186,8;263,3;;;0;215;;453;OVDAdmin;2026-02-05 01:44
2025-05-26;15:00;Noon (Position) - Port;;0,8;0;S;23;58,96;W;46;17,22;BRSSZ;BRSSZ;202502-3-BRARB-BRSSZ;5765,61;0;0;0;0;;;0,1;;;;2,9;186,8;263,2;;;0;215;;452,9;OVDAdmin;2026-02-05 01:44
2025-05-27;15:00;Noon (Position) - Port;;24;0;S;23;58,96;W;46;17,22;BRSSZ;BRSSZ;202502-3-BRARB-BRSSZ;5765,61;0;0;0;0;;;4,5;0,8;;;2,9;186,8;257,9;;;3087;215;;447,6;OVDAdmin;2026-02-05 01:44
2025-05-28;15:00;Noon (Position) - Port;;24;7;S;23;55,16;W;46;21,63;BRSSZ;BRSSZ;202502-3-BRARB-BRSSZ;5765,61;0;1,53;0;0;1,8;;4,4;0,8;;;2,9;186,8;250,9;;;5556,6;215;;440,6;OVDAdmin;2026-02-05 01:44
2025-05-29;15:00;Noon (Position) - Port;;24;0;S;23;55,16;W;46;21,63;BRSSZ;BRSSZ;202502-3-BRARB-BRSSZ;5765,61;0;0;0;0;;;4,1;0,8;;;2,9;186,8;246;;;1773,31;215;;435,7;OVDAdmin;2026-02-05 01:44
2025-05-30;15:00;Noon (Position) - Port;;24;2;S;23;55,53;W;46;19,7;BRSSZ;BRSSZ;202502-3-BRARB-BRSSZ;5765,61;0;1,3;0;0;1,2;;3,6;0,9;;;2,9;186,8;240,3;;;0;215;;430;OVDAdmin;2026-02-05 01:44
2025-05-31;15:00;Noon (Position) - Port;;24;0;S;23;55,53;W;46;19,7;BRSSZ;BRSSZ;202502-3-BRARB-BRSSZ;5765,61;0;0;0;0;;;5;1,2;;;2,9;186,8;234,1;;;7933,59;215;;423,8;OVDAdmin;2026-02-05 01:44
2025-06-01;15:00;Noon (Position) - Port;;24;0;S;23;55,53;W;46;19,71;BRSSZ;BRSSZ;202502-3-BRARB-BRSSZ;5765,61;0;0;0;0;;;5,2;0,8;;;2,9;186,8;228,1;;;10334,59;215;;417,8;OVDAdmin;2026-02-05 01:44
2025-06-02;15:00;Noon (Position) - Port;;24;0,28;S;23;55,53;W;46;19,71;BRSSZ;BRSSZ;202502-3-BRARB-BRSSZ;5765,61;0;0;0;0;;;4,6;0,8;;;2,9;186,8;222,7;;;3673,53;215;;412,4;OVDAdmin;2026-02-05 01:44
2025-06-03;15:00;Noon (Position) - Port;;24;0;S;23;55,53;W;46;19,71;BRSSZ;BRSSZ;202502-3-BRARB-BRSSZ;5765,61;0;0;0;0;;;4,4;0,8;;;2,9;186,8;217,5;;;4162,305;215;;407,2;OVDAdmin;2026-02-05 01:44
2025-06-04;06:40;Departure;;15,67;0;S;23;55,54;W;46;19,7;BRSSZ;BRSSZ;202502-3-BRARB-BRSSZ;5765,61;0;0;0;0;;;2,5;0,6;;;2,9;186,8;214,4;649,43;;68,6;215;;1053,53;OVDAdmin;2026-02-05 01:44
2025-06-04;08:06;Begin of sea passage;;1,43;11;S;24;2,88;W;46;21,26;BRSSZ;ARCMP;202502-4-BRSSZ-ARCMP;5765,61;0;1,43;0;0;1,8;;0,3;0,1;;;2,9;186,8;212,2;649,43;;0;215;;1051,33;OVDAdmin;2026-02-05 01:44
2025-06-04;15:00;Noon (Position) - Sea passage;;6,9;91;S;25;14,98;W;47;12,3;BRSSZ;ARCMP;202502-4-BRSSZ-ARCMP;5765,61;6,9;0;0;0;5,2;;0,8;0,2;;;2,9;186,8;206;649,43;;0;215;;1045,13;OVDAdmin;2026-02-05 01:44
2025-06-05;15:00;Noon (Position) - Sea passage;;24;317;S;29;48,07;W;49;20,78;BRSSZ;ARCMP;202502-4-BRSSZ-ARCMP;5765,61;24;0;0;0;22,4;;2,5;0,53;;;2,9;186,8;180,57;649,43;;0;215;;1019,7;OVDAdmin;2026-02-05 01:44
2025-06-06;15:00;Noon (Position) - Sea passage;;24;297;S;33;54,21;W;52;42,99;BRSSZ;ARCMP;202502-4-BRSSZ-ARCMP;5765,61;24;0;0;0;22,2;;2,4;1,2;;;2,9;186,8;154,77;649,43;;0;215;0,6;993,9;OVDAdmin;2026-02-05 01:44
2025-06-07;04:00;End of sea passage;;13;166;S;35;2,25;W;55;43,31;BRSSZ;ARCMP;202502-4-BRSSZ-ARCMP;5765,61;13;0;0;0;11,8;;0,6;0,5;;;2,9;186,8;141,87;649,43;;0;215;0,5;981;OVDAdmin;2026-02-05 01:44
2025-06-07;15:00;Noon (Position) - Sea passage;;11;113;S;34;45,59;W;57;46,93;BRSSZ;ARCMP;202502-4-BRSSZ-ARCMP;5765,61;0;9,92;1,08;0;6,1;;1,3;0,4;;;2,9;186,8;134,07;649,43;;0;215;0,2;973,2;OVDAdmin;2026-02-05 01:44
2025-06-08;15:00;Noon (Position) - Sea passage;;24;0;S;34;45,54;W;57;47,09;BRSSZ;ARCMP;202502-4-BRSSZ-ARCMP;5765,61;0;0;24;0;;;2,5;1,2;;;2,9;186,8;130,37;649,43;;0;215;0,7;969,5;OVDAdmin;2026-02-05 01:44
2025-06-09;13:27;Arrival;;22,45;72;S;34;9,41;W;58;55,13;BRSSZ;ARCMP;202502-4-BRSSZ-ARCMP;5765,61;0;8,2;14,25;0;7,2;;3,2;1,2;;;2,9;186,8;118,77;649,43;;0;215;1;957,9;OVDAdmin;2026-02-05 01:44
2025-06-09;15:00;Noon (Position) - Port;;1,55;0;S;34;9,41;W;58;55,13;ARCMP;ARCMP;202502-4-BRSSZ-ARCMP;0;0;0;0;0;;;0,4;0,3;;;2,9;186,8;118,07;649,43;;0;215;0,2;957,2;OVDAdmin;2026-02-05 01:44
2025-06-10;12:45;Noon (Position) - Port;;21,75;0;S;34;9,41;W;58;55,13;ARCMP;ARCMP;202502-4-BRSSZ-ARCMP;0;0;0;0;0;0,8;;3,6;1,2;;;2,9;186,8;112,47;649,43;;5373,095;215;0,8;951,6;OVDAdmin;2026-02-05 01:44
2025-06-10;15:00;Departure;;2,25;16;S;34;15,56;W;58;40,01;ARCMP;ARCMP;202502-4-BRSSZ-ARCMP;0;0;2,25;0;0;1,5;;0,3;0,1;;;2,9;186,8;110,57;649,43;;0;215;;949,7;OVDAdmin;2026-02-05 01:44
2025-06-11;07:00;Begin of sea passage;;16;160;S;35;0,18;W;55;59,51;ARCMP;BRARB;202502-5-ARCMP-BRARB;0;0;14,02;1,98;0;14,8;;2,5;0,1;;;2,9;186,8;93,17;649,43;;0;215;;932,3;OVDAdmin;2026-02-05 01:44
2025-06-11;15:00;Noon (Position) - Sea passage;;8;105;S;34;49,51;W;53;57,3;ARCMP;BRARB;202502-5-ARCMP-BRARB;0;8;0;0;0;6,8;;0,5;;;;2,9;186,8;85,87;649,43;;0;215;;925;OVDAdmin;2026-02-05 01:44
2025-06-12;15:00;Noon (Position) - Sea passage;;24;310;S;32;1,65;W;48;50,31;ARCMP;BRARB;202502-5-ARCMP-BRARB;0;24;0;0;0;22,6;;2;0,6;;;2,9;186,8;60,67;649,43;;0;215;;899,8;OVDAdmin;2026-02-05 01:44
2025-06-13;15:00;Noon (Position) - Sea passage;;24;318;S;28;21,92;W;44;30,27;ARCMP;BRARB;202502-5-ARCMP-BRARB;0;24;0;0;0;22,9;;1,5;0,2;;;2,9;186,8;36,07;649,43;;0;215;;875,2;OVDAdmin;2026-02-05 01:44
2025-06-14;15:00;Noon (Position) - Sea passage;;24;303;S;24;27,86;W;41;1,38;ARCMP;BRARB;202502-5-ARCMP-BRARB;0;24;0;0;0;22,5;;1,2;0,2;;;2,9;186,8;12,17;649,43;;0;215;;851,3;OVDAdmin;2026-02-05 01:44
2025-06-15;15:00;Noon (Position) - Sea passage;;24;301;S;20;6,91;W;38;35,55;ARCMP;BRARB;202502-5-ARCMP-BRARB;0;24;0;0;0;12,17;10,63;1;;;;2,9;186,8;0;637,8;;0;215;;827,5;OVDAdmin;2026-02-05 01:44
2025-06-16;15:00;Noon (Position) - Sea passage;;24;327;S;14;46,06;W;38;23,49;ARCMP;BRARB;202502-5-ARCMP-BRARB;0;24;0;0;0;22,9;;0,5;;;;2,9;186,8;614,4;;;0;215;;804,1;OVDAdmin;2026-02-05 01:44
2025-06-16;21:18;End of sea passage;;6,3;89;S;13;12,34;W;38;35,41;ARCMP;BRARB;202502-5-ARCMP-BRARB;0;6,3;0;0;0;5,8;;1;0,6;;;2,9;186,8;607;;;0;215;;796,7;OVDAdmin;2026-02-05 01:44
2025-06-17;15:00;Noon (Position) - Sea passage;;17,7;10;S;13;6,14;W;38;34,45;ARCMP;BRARB;202502-5-ARCMP-BRARB;0;0;1,35;16,35;0;1,2;;2,2;0,2;;;2,9;186,8;603,4;;;0;215;;793,1;OVDAdmin;2026-02-05 01:44
2025-06-17;16:56;Arrival;;1,93;19;S;12;46,99;W;38;30;ARCMP;BRARB;202502-5-ARCMP-BRARB;0;0;1,93;0;0;2;;0,3;0,1;;;2,9;186,8;601;;;0;215;;790,7;OVDAdmin;2026-02-05 01:44
2025-06-18;15:00;Noon (Position) - Port;;22,07;0;S;12;46,99;W;38;30;BRARB;BRARB;202502-5-ARCMP-BRARB;4245,38;0;0;0;0;;;2,8;0,7;;;2,9;186,8;597,5;;;0;215;;787,2;OVDAdmin;2026-02-05 01:44
2025-06-19;15:00;Noon (Position) - Port;;24;0;S;12;46,99;W;38;30;BRARB;BRARB;202502-5-ARCMP-BRARB;4245,38;0;0;0;0;;;2,4;0,8;;;2,9;186,8;594,3;;;0;215;;784;OVDAdmin;2026-02-05 01:44
2025-06-20;07:00;Departure;;16;0;S;12;46,98;W;38;29,99;BRARB;BRARB;202502-5-ARCMP-BRARB;4245,38;0;0;0;0;;;2;0,8;;;2,9;186,8;591,5;;;0;215;;781,2;OVDAdmin;2026-02-05 01:44
2025-06-20;08:30;Begin of sea passage;;1,5;16;S;13;0,63;W;38;33,8;BRARB;USHOU;202503-1-BRARB-USHOU;4245,38;0;1,5;0;0;1,4;;0,3;;;;2,9;186,8;589,8;;;;215;;779,5;OVDAdmin;2026-02-05 01:44
2025-06-20;15:00;Noon (Position) - Sea passage;;6,5;86;S;12;28,07;W;37;29,52;BRARB;USHOU;202503-1-BRARB-USHOU;4245,38;6,5;0;0;0;5,7;;1,1;;;;2,9;186,8;583;;;;215;;772,7;OVDAdmin;2026-02-05 01:44
2025-06-21;15:00;Noon (Position) - Sea passage;;24;330;S;7;51,18;W;34;33,17;BRARB;USHOU;202503-1-BRARB-USHOU;4245,38;24;0;0;0;22,3;;2,2;;;;2,9;186,8;558,5;;;;215;;748,2;OVDAdmin;2026-02-05 01:44
2025-06-22;15:00;Noon (Position) - Sea passage;;24;354;S;3;20,6;W;37;32,71;BRARB;USHOU;202503-1-BRARB-USHOU;4245,38;24;0;0;0;22,8;;0,4;;;;2,9;186,8;535,3;;;;215;;725;OVDAdmin;2026-02-05 01:44
2025-06-23;15:00;Noon (Position) - Sea passage;;24;385;S;0;0,22;W;43;1,1;BRARB;USHOU;202503-1-BRARB-USHOU;4245,38;24;0;0;0;22,8;;;;;;2,9;186,8;512,5;;;;215;;702,2;OVDAdmin;2026-02-05 01:44
2025-06-24;16:00;Noon (Position) - Sea passage;;25;385;N;3;22,67;W;48;31,94;BRARB;USHOU;202503-1-BRARB-USHOU;4245,38;25;0;0;0;23,6;;0,8;;;;2,9;186,8;488,1;;;;215;;677,8;OVDAdmin;2026-02-05 01:44
2025-06-25;16:00;Noon (Position) - Sea passage;;24;346;N;6;21,06;W;53;26,5;BRARB;USHOU;202503-1-BRARB-USHOU;4245,38;24;0;0;0;23;;;;;;2,9;186,8;465,1;;;;215;;654,8;OVDAdmin;2026-02-05 01:44
2025-06-26;16:00;Noon (Position) - Sea passage;;24;331;N;9;21,6;W;58;6,72;BRARB;USHOU;202503-1-BRARB-USHOU;4245,38;24;0;0;0;22,9;;0,4;;;;2,9;186,8;441,8;;;;215;;631,5;OVDAdmin;2026-02-05 01:44
2025-06-27;16:00;Noon (Position) - Sea passage;;24;361;N;11;47,88;W;63;36,38;BRARB;USHOU;202503-1-BRARB-USHOU;4245,38;24;0;0;0;23;;1;;;;2,9;186,8;417,8;;;;215;;607,5;OVDAdmin;2026-02-05 01:44
2025-06-28;16:00;Noon (Position) - Sea passage;;24;350;N;13;41,6;W;69;15,45;BRARB;USHOU;202503-1-BRARB-USHOU;4245,38;24;0;0;0;22,8;;0,8;;;;2,9;186,8;394,2;;;;215;;583,9;OVDAdmin;2026-02-05 01:44
2025-06-29;17:00;Noon (Position) - Sea passage;;25;361;N;16;11,57;W;74;49,37;BRARB;USHOU;202503-1-BRARB-USHOU;4245,38;25;0;0;0;23,7;;;;;;2,9;186,8;370,5;;;;215;;560,2;OVDAdmin;2026-02-05 01:44
2025-06-30;17:00;Noon (Position) - Sea passage;;24;333;N;18;59,44;W;79;49,4;BRARB;USHOU;202503-1-BRARB-USHOU;4245,38;24;0;0;0;23;;0,5;;;;2,9;186,8;347;;;;215;;536,7;OVDAdmin;2026-02-05 01:44
2025-07-01;17:00;Noon (Position) - Sea passage;;24;326;N;21;27,27;W;85;3,37;BRARB;USHOU;202503-1-BRARB-USHOU;4245,38;24;0;0;0;22,8;;0,8;;;;2,9;186,8;323,4;;;;215;;513,1;OVDAdmin;2026-02-05 01:44
2025-07-02;17:00;Noon (Position) - Sea passage;;24;353;N;25;3,74;W;89;51,72;BRARB;USHOU;202503-1-BRARB-USHOU;4245,38;24;0;0;0;22,7;;1;;;;2,9;186,8;299,7;;;;215;;489,4;OVDAdmin;2026-02-05 01:44
2025-07-03;17:00;Noon (Position) - Sea passage;;24;330;N;28;49,61;W;93;50,27;BRARB;USHOU;202503-1-BRARB-USHOU;4245,38;24;0;0;0;3,8;18,3;2,2;0,1;0,5;;2,9;166,2;295,4;;;;215;;464,5;OVDAdmin;2026-02-05 01:44
2025-07-03;19:42;End of sea passage;;2,7;38;N;29;11,3;W;94;25,42;BRARB;USHOU;202503-1-BRARB-USHOU;4245,38;2,7;0;0;0;2,5;;0,5;;;;2,9;163,2;295,4;;;;215;;461,5;OVDAdmin;2026-02-05 01:44
2025-07-04;17:00;Noon (Position) - Sea passage;;21,3;27;N;29;30,51;W;94;52,61;BRARB;USHOU;202503-1-BRARB-USHOU;4245,38;0;3,5;17,8;0;3,2;;2,5;0,7;;;2,9;156,8;295,4;;;;215;;455,1;OVDAdmin;2026-02-05 01:44
2025-07-04;19:00;Arrival;;2;10;N;29;36,54;W;95;1,26;BRARB;USHOU;202503-1-BRARB-USHOU;4245,38;0;2;0;0;1,2;;0,3;0,1;;;2,9;155,2;295,4;;;;215;;453,5;OVDAdmin;2026-02-05 01:44
2025-07-05;17:00;Noon (Position) - Port;;22;0;N;29;36,54;W;95;1,27;USHOU;USHOU;202503-1-BRARB-USHOU;21917,8;0;0;0;0;;;3,2;0,6;;;2,9;151,4;295,4;;;5145;215;;449,7;OVDAdmin;2026-02-05 01:44
2025-07-06;17:00;Noon (Position) - Port;;24;36;N;29;14,45;W;94;35,84;USHOU;USHOU;202503-1-BRARB-USHOU;21917,8;0;3,58;0;0;3,2;;3,2;0,9;;;2,9;144,1;295,4;;;1286,25;215;;442,4;OVDAdmin;2026-02-05 01:44
2025-07-07;17:00;Noon (Position) - Port;;24;0;N;29;14,45;W;94;35,82;USHOU;USHOU;202503-1-BRARB-USHOU;21917,8;0;0;0;0;;;2,7;1,2;;;2,9;140,2;295,4;;;;215;;438,5;OVDAdmin;2026-02-05 01:44
2025-07-08;17:00;Noon (Position) - Port;;24;16;N;29;3,47;W;94;25,11;USHOU;USHOU;202503-1-BRARB-USHOU;21917,8;0;0;0;0;1,5;;2,6;0,8;;;2,9;135,3;295,4;;;;215;;433,6;OVDAdmin;2026-02-05 01:44
2025-07-09;17:00;Noon (Position) - Port;;24;99;N;29;14,85;W;94;26,53;USHOU;USHOU;202503-1-BRARB-USHOU;21917,8;0;0;0;0;7,6;;3,6;1,1;;;2,9;123;295,4;;;;215;;421,3;OVDAdmin;2026-02-05 01:44
2025-07-10;17:00;Noon (Position) - Port;;24;0;N;29;14,86;W;94;26,53;USHOU;USHOU;202503-1-BRARB-USHOU;21917,8;0;0;0;0;;;2,4;0,8;;;2,9;119,8;295,4;;;;215;;418,1;OVDAdmin;2026-02-05 01:44
2025-07-11;17:00;Noon (Position) - Port;;24;0;N;29;14,91;W;94;26,58;USHOU;USHOU;202503-1-BRARB-USHOU;21917,8;0;0;0;0;;;2,4;0,8;;;2,9;116,6;295,4;;;;215;;414,9;OVDAdmin;2026-02-05 01:44
2025-07-12;17:00;Noon (Position) - Port;;24;52;N;29;44,68;W;95;5,98;USHOU;USHOU;202503-1-BRARB-USHOU;21917,8;0;5,67;0;0;4,7;;2,9;0,9;;;2,9;108,1;295,4;;;;215;;406,4;OVDAdmin;2026-02-05 01:44
2025-07-13;17:00;Noon (Position) - Port;;24;0;N;29;44,68;W;95;5,98;USHOU;USHOU;202503-1-BRARB-USHOU;21917,8;0;0;0;0;;;3,4;1;;;2,9;103,7;295,4;;;1843,625;215;;402;OVDAdmin;2026-02-05 01:44
2025-07-14;17:00;Noon (Position) - Port;;24;2;N;29;44,25;W;95;7,72;USHOU;USHOU;202503-1-BRARB-USHOU;21917,8;0;1;0;0;1;;2,8;0,8;;;2,9;99,1;295,4;250;300;;215;;947,4;OVDAdmin;2026-02-05 01:44
2025-07-15;17:00;Noon (Position) - Port;;24;73;N;29;22,48;W;94;53,36;USHOU;USHOU;202503-1-BRARB-USHOU;21917,8;0;7,7;0;0;8,2;;3,9;0,9;;;2,9;86,1;295,4;250;300;;215;;934,4;OVDAdmin;2026-02-05 01:44
2025-07-16;17:00;Noon (Position) - Port;;24;0;N;29;22,48;W;94;53,36;USHOU;USHOU;202503-1-BRARB-USHOU;21917,8;0;0;0;0;;;2,6;1;;;2,9;82,5;295,4;250;300;;215;;930,8;OVDAdmin;2026-02-05 01:44
2025-07-17;17:00;Noon (Position) - Port;;24;17;N;29;19,71;W;94;34,86;USHOU;USHOU;202503-1-BRARB-USHOU;21917,8;0;2,02;0;0;2,5;;2,9;1;;;2,9;76,1;295,4;250;300;;215;;924,4;OVDAdmin;2026-02-05 01:44
2025-07-18;17:00;Noon (Position) - Port;;24;22;N;29;21,7;W;94;55,01;USHOU;USHOU;202503-1-BRARB-USHOU;21917,8;0;2,75;0;0;2,9;;2,9;0,9;;;2,9;69,4;295,4;250;300;;215;;917,7;OVDAdmin;2026-02-05 01:44
2025-07-19;17:00;Noon (Position) - Port;;24;166;N;29;33,35;W;94;54,8;USHOU;USHOU;202503-1-BRARB-USHOU;21917,8;0;14,33;0;0;13,2;;4,4;1,1;;;2,9;50,7;295,4;250;300;;215;;899;OVDAdmin;2026-02-05 01:44
2025-07-20;17:00;Noon (Position) - Port;;24;13;N;29;43,37;W;95;1,19;USHOU;USHOU;202503-1-BRARB-USHOU;21917,8;0;2,08;0;0;0,5;;4,2;0,8;;;2,9;45,2;295,4;250;300;;215;;893,5;OVDAdmin;2026-02-05 01:44
2025-07-21;17:00;Noon (Position) - Port;;24;0;N;29;43,37;W;95;1,19;USHOU;USHOU;202503-1-BRARB-USHOU;21917,8;0;0;0;0;;;4,6;0,9;;;2,9;39,7;295,4;250;300;;215;;888;OVDAdmin;2026-02-05 01:44
2025-07-22;17:00;Noon (Position) - Port;;24;7;N;29;38,29;W;94;57,87;USHOU;USHOU;202503-1-BRARB-USHOU;21917,8;0;0,92;0;0;0,7;;4,2;0,9;;;2,9;33,9;295,4;250;300;;215;;882,2;OVDAdmin;2026-02-05 01:44
2025-07-23;17:00;Noon (Position) - Port;;24;40;N;29;45,83;W;95;4,93;USHOU;USHOU;202503-1-BRARB-USHOU;21917,8;0;8,7;0;0;6,6;;3,4;0,7;;;2,9;23,2;295,4;250;300;;215;;871,5;OVDAdmin;2026-02-05 01:44
2025-07-24;15:30;Noon (Position) - Port;;22,5;4;N;29;44,69;W;95;5,79;USHOU;USHOU;202503-1-BRARB-USHOU;21917,8;0;1,2;0;0;0,5;;2,8;0,7;;;2,9;19,2;295,4;250;300;;215;;867,5;OVDAdmin;2026-02-05 01:44
2025-07-24;17:00;Departure;CargoOperations;1,5;12;N;29;39,07;W;94;58,16;USHOU;USHOU;202503-1-BRARB-USHOU;21917,8;0;1,5;0;0;0,9;;0,1;;0,3;;2,8;18;295,4;250;300;;215;;866,2;OVDAdmin;2026-02-05 01:44
2025-07-24;19:36;Begin of sea passage;;2,6;32;N;29;17,13;W;94;36,53;USHOU;USFPO;202504-1-USHOU-USFPO;21917,8;0;2,6;0;0;2,7;;0,8;;;;2,8;14,5;295,4;250;300;0;215;;862,7;OVDAdmin;2026-02-05 01:44
2025-07-24;23:42;End of sea passage;;4,1;53;N;28;48,31;W;95;8,15;USHOU;USFPO;202504-1-USHOU-USFPO;21917,8;4,1;0;0;0;3,5;;1;;;;2,8;10;295,4;250;300;0;215;;858,2;OVDAdmin;2026-02-05 01:44
2025-07-25;01:54;Arrival;;2,2;13;N;28;56,6;W;95;19,03;USHOU;USFPO;202504-1-USHOU-USFPO;21917,8;0;2,2;0;0;0,8;;0,5;;;;2,8;8,7;295,4;250;300;0;215;;856,9;OVDAdmin;2026-02-05 01:44
2025-07-25;17:00;Noon (Position) - Port;;15,1;0;N;28;56,6;W;95;19,03;USFPO;USFPO;202504-1-USHOU-USFPO;26781,74;0;0;0;0;;;2,5;0,6;;;2,8;5,6;295,4;250;300;0;215;;853,8;OVDAdmin;2026-02-05 01:44
2025-07-26;13:05;Departure;;20,08;0;N;28;56,6;W;95;19,03;USFPO;USFPO;202504-1-USHOU-USFPO;26781,74;0;0;0;0;;;2,2;0,9;;;2,8;2,5;295,4;250;300;0;215;;850,7;OVDAdmin;2026-02-05 01:44
2025-07-26;13:54;Begin of sea passage;;0,82;6;N;28;52,97;W;95;13,83;USFPO;USBTR;202504-2-USFPO-USBTR;26781,74;0;0,82;0;0;0,9;;0,3;;;;2,8;1,3;295,4;250;300;0;215;;849,5;OVDAdmin;2026-02-05 01:44
2025-07-26;17:00;Noon (Position) - Sea passage;;3,1;40;N;28;24,27;W;94;44,76;USFPO;USBTR;202504-2-USFPO-USBTR;26781,74;3,1;0;0;0;2,3;;0,2;;;;0,5;1,1;295,4;250;300;0;215;;847;OVDAdmin;2026-02-05 01:44
2025-07-27;17:00;Noon (Position) - Sea passage;;24;309;N;28;28,37;W;89;44,75;USFPO;USBTR;202504-2-USFPO-USBTR;26781,74;24;0;0;0;22,6;;1,1;;1,5;;0,5;0;295,4;225,9;300;0;215;;821,8;OVDAdmin;2026-02-05 01:44
2025-07-27;18:54;End of sea passage;;1,9;26;N;28;48,41;W;89;26,92;USFPO;USBTR;202504-2-USFPO-USBTR;26781,74;1,9;0;0;0;1,7;0,5;0,4;;;;0;295,4;223,8;300;;0;215;;819,2;OVDAdmin;2026-02-05 01:44
2025-07-28;17:00;Noon (Position) - Sea passage;;22,1;163;N;30;4,25;W;90;54,12;USFPO;USBTR;202504-2-USFPO-USBTR;26781,74;0;17,42;4,68;0;14,6;;3,7;0,2;;;295,4;205,3;300;;;0;215;;800,7;OVDAdmin;2026-02-05 01:44
2025-07-28;19:52;Arrival;;2,87;16;N;30;11,15;W;91;0,82;USFPO;USBTR;202504-2-USFPO-USBTR;26781,74;0;2,87;0;0;1,8;;0,7;0,1;;;295,4;202,7;300;;;0;215;;798,1;OVDAdmin;2026-02-05 01:44
2025-07-29;11:12;Noon (Position) - Port;;15,33;0;N;30;11,14;W;91;0,82;USBTR;USBTR;202504-2-USFPO-USBTR;28476,77;0;0;0;0;;;2,7;0,6;;;295,4;199,4;300;;;0;215;;794,8;OVDAdmin;2026-02-05 01:44
2025-07-29;17:00;Departure;;5,8;68;N;29;56,05;W;90;10,72;USBTR;USBTR;202504-2-USFPO-USBTR;28476,77;0;5,8;0;0;4,3;;1,8;;;;295,4;193,3;300;;;0;215;;788,7;OVDAdmin;2026-02-05 01:44
2025-07-30;02:00;Begin of sea passage;;9;108;N;28;50,73;W;89;25,3;USBTR;BRARB;202504-3-USBTR-BRARB;28476,77;0;9;0;0;6,9;;2,1;;;;295,4;184,3;300;;;0;215;;779,7;OVDAdmin;2026-02-05 01:44
2025-07-30;17:00;Noon (Position) - Sea passage;;15;186;N;26;18,28;W;87;29,44;USBTR;BRARB;202504-3-USBTR-BRARB;28476,77;15;0;0;0;13,8;;2,3;;;;295,4;168,2;300;;;0;215;;763,6;OVDAdmin;2026-02-05 01:44
2025-07-31;17:00;Noon (Position) - Sea passage;;24;340;N;23;30,07;W;82;22,21;USBTR;BRARB;202504-3-USBTR-BRARB;28476,77;24;0;0;0;0,9;21,7;1,3;;0,4;;272,4;166,9;300;;;0;215;;739,3;OVDAdmin;2026-02-05 01:44
2025-08-01;17:00;Noon (Position) - Sea passage;;24;311;N;21;54,03;W;77;12,31;USBTR;BRARB;202504-3-USBTR-BRARB;28476,77;24;0;0;0;22,6;;1,8;;;;248;166,9;300;;;0;215;;714,9;OVDAdmin;2026-02-05 01:44
2025-08-02;16:00;Noon (Position) - Sea passage;;23;280;N;20;26,09;W;72;33,4;USBTR;BRARB;202504-3-USBTR-BRARB;28476,77;23;0;0;0;22;;0,5;;;;225,5;166,9;300;;;0;215;;692,4;OVDAdmin;2026-02-05 01:44
2025-08-03;16:00;Noon (Position) - Sea passage;;24;290;N;18;36,01;W;67;48,61;USBTR;BRARB;202504-3-USBTR-BRARB;28476,77;24;0;0;0;22,7;;0,5;;;;202,3;166,9;300;;;0;215;;669,2;OVDAdmin;2026-02-05 01:44
2025-08-04;16:00;Noon (Position) - Sea passage;;24;295;N;15;29,91;W;64;33,7;USBTR;BRARB;202504-3-USBTR-BRARB;28476,77;24;0;0;0;22,6;;0,8;;;;178,9;166,9;300;;;0;215;;645,8;OVDAdmin;2026-02-05 01:44
2025-08-05;16:00;Noon (Position) - Sea passage;;24;283;N;13;9,03;W;60;21,41;USBTR;BRARB;202504-3-USBTR-BRARB;28476,77;24;0;0;0;22,7;;0,7;;;;155,5;166,9;300;;;0;215;;622,4;OVDAdmin;2026-02-05 01:44
2025-08-06;16:00;Noon (Position) - Sea passage;;24;276;N;11;8,11;W;56;7,47;USBTR;BRARB;202504-3-USBTR-BRARB;28476,77;24;0;0;0;22,5;;0,8;;;;132,2;166,9;300;;;0;215;;599,1;OVDAdmin;2026-02-05 01:44
2025-08-07;16:00;Noon (Position) - Sea passage;;24;305;N;8;59,97;W;51;23,95;USBTR;BRARB;202504-3-USBTR-BRARB;28476,77;24;0;0;0;22,5;;0,5;;;;109,2;166,9;300;;;0;215;;576,1;OVDAdmin;2026-02-05 01:44
2025-08-08;16:00;Noon (Position) - Sea passage;;24;340;N;5;54,05;W;46;41,29;USBTR;BRARB;202504-3-USBTR-BRARB;28476,77;24;0;0;0;22,6;;0,4;;;;86,2;166,9;300;;;0;215;;553,1;OVDAdmin;2026-02-05 01:44
2025-08-09;15:00;Noon (Position) - Sea passage;;23;274;N;2;53,8;W;43;26,82;USBTR;BRARB;202504-3-USBTR-BRARB;28476,77;23;0;0;0;21,8;;0,7;;;;63,7;166,9;300;;;0;215;;530,6;OVDAdmin;2026-02-05 01:44
2025-08-10;15:00;Noon (Position) - Sea passage;;24;297;S;0;29;W;39;49,38;USBTR;BRARB;202504-3-USBTR-BRARB;28476,77;24;0;0;0;22,6;;0,5;;;;40,6;166,9;300;;;0;215;;507,5;OVDAdmin;2026-02-05 01:44
2025-08-11;15:00;Noon (Position) - Sea passage;;24;299;S;3;57,55;W;36;3,99;USBTR;BRARB;202504-3-USBTR-BRARB;28476,77;24;0;0;0;22,7;;0,3;;;;17,6;166,9;300;;;0;215;;484,5;OVDAdmin;2026-02-05 01:44
2025-08-12;15:00;Noon (Position) - Sea passage;;24;291;S;8;9,56;W;34;24,98;USBTR;BRARB;202504-3-USBTR-BRARB;28476,77;24;0;0;0;22,6;;0,9;;;;16,7;166,9;277,4;;;0;215;;461;OVDAdmin;2026-02-05 01:44
2025-08-13;15:00;Noon (Position) - Sea passage;;24;317;S;12;27,11;W;37;31,94;USBTR;BRARB;202504-3-USBTR-BRARB;28476,77;24;0;0;0;5,9;16,7;0,9;;;;0;166,9;270,6;;;0;215;;437,5;OVDAdmin;2026-02-05 01:44
2025-08-13;20:00;End of sea passage;;5;68;S;13;7,1;W;38;31,45;USBTR;BRARB;202504-3-USBTR-BRARB;28476,77;5;0;0;0;4,2;;0,5;;;;166,9;265,9;;;;0;215;;432,8;OVDAdmin;2026-02-05 01:44
2025-08-14;04:20;Arrival;;8,33;19;S;12;47;W;38;30;USBTR;BRARB;202504-3-USBTR-BRARB;28476,77;0;3,62;4,72;0;2,2;;1,5;0,5;;;166,9;261,7;;;;0;215;;428,6;OVDAdmin;2026-02-05 01:44
2025-08-14;15:00;Noon (Position) - Port;;10,67;0;S;12;47;W;38;30;BRARB;BRARB;202504-3-USBTR-BRARB;24586,85;0;0;0;0;;;1,5;0,5;;;166,9;259,7;;;;102,9;215;;426,6;OVDAdmin;2026-02-05 01:44
2025-08-15;15:00;Noon (Position) - Port;;24;0;S;12;47;W;38;30;BRARB;BRARB;202504-3-USBTR-BRARB;24586,85;0;0;0;0;;;3;1,2;;;166,9;255,5;;;;6362,65;215;0,4;422,4;OVDAdmin;2026-02-05 01:44
2025-08-15;23:30;Departure;;8,5;0;S;12;47;W;38;30;BRARB;BRARB;202504-3-USBTR-BRARB;24586,85;0;0;0;0;;;1,2;0,5;;;166,9;253,8;;;;2630,81;215;0,2;420,7;OVDAdmin;2026-02-05 01:44
2025-08-16;01:00;Begin of sea passage;;1,5;14;S;12;58,43;W;38;33,52;BRARB;BRSSZ;202504-4-BRARB-BRSSZ;24586,85;0;1,5;0;0;1,2;;0,3;;;;166,9;252,3;;;;0;215;;419,2;OVDAdmin;2026-02-05 01:44
2025-08-16;15:00;Noon (Position) - Sea passage;;14;171;S;15;39,49;W;37;57,13;BRARB;BRSSZ;202504-4-BRARB-BRSSZ;24586,85;14;0;0;0;12,9;;0,8;0,7;;;166,9;237,9;;;;0;215;0,2;404,8;OVDAdmin;2026-02-05 01:44
2025-08-17;15:00;Noon (Position) - Sea passage;;24;303;S;20;41,87;W;37;49,95;BRARB;BRSSZ;202504-4-BRARB-BRSSZ;24586,85;24;0;0;0;22,6;;1,9;1,2;;;166,9;212,2;;;;0;215;0,4;379,1;OVDAdmin;2026-02-05 01:44
2025-08-18;15:00;Noon (Position) - Sea passage;;24;312;S;23;57,03;W;41;39,94;BRARB;BRSSZ;202504-4-BRARB-BRSSZ;24586,85;24;0;0;0;22,4;;1;1,5;;;166,9;187,3;;;;0;215;0,8;354,2;OVDAdmin;2026-02-05 01:44
2025-08-19;12:00;End of sea passage;;21;273;S;24;10,82;W;46;24,24;BRARB;BRSSZ;202504-4-BRARB-BRSSZ;24586,85;21;0;0;0;19,2;;0,8;1;;;166,9;166,3;;;;0;215;1;333,2;OVDAdmin;2026-02-05 01:44
2025-08-19;15:00;Noon (Position) - Sea passage;;3;6;S;24;5,25;W;46;20,69;BRARB;BRSSZ;202504-4-BRARB-BRSSZ;24586,85;0;1;2;0;0,5;;0,4;0,2;;;166,9;165,2;;;;0;215;0,1;332,1;OVDAdmin;2026-02-05 01:44
2025-08-19;18:00;Arrival;;3;14;S;23;55,54;W;46;19,71;BRARB;BRSSZ;202504-4-BRARB-BRSSZ;24586,85;0;2,25;0,75;0;1,1;;0,5;0,2;;;166,9;163,4;;;;0;215;0,1;330,3;OVDAdmin;2026-02-05 01:44
2025-08-20;15:00;Noon (Position) - Port;;21;0;S;23;55,53;W;46;19,71;BRSSZ;BRSSZ;202504-4-BRARB-BRSSZ;8993,97;0;0;0;0;;;3,1;1,2;;;166,9;159,1;;;;3630,655;215;0,8;326;OVDAdmin;2026-02-05 01:44
2025-08-21;15:00;Noon (Position) - Port;;24;5;S;23;58,9;W;46;17,21;BRSSZ;BRSSZ;202504-4-BRARB-BRSSZ;8993,97;0;1,42;0;0;0,4;;4,1;1,6;;;166,9;153;;;;4459;215;1;319,9;OVDAdmin;2026-02-05 01:44
2025-08-22;15:00;Noon (Position) - Port;;24;13;S;24;8,91;W;46;22,29;BRSSZ;BRSSZ;202504-4-BRARB-BRSSZ;8993,97;0;1,87;0;0;1,2;;3,8;1,8;;;166,9;146,2;;;;0;215;0,7;313,1;OVDAdmin;2026-02-05 01:44
2025-08-23;15:00;Noon (Position) - Port;;24;1,06;S;24;8,98;W;46;22,31;BRSSZ;BRSSZ;202504-4-BRARB-BRSSZ;8993,97;0;0;0;0;;;3;1,5;;;166,9;141,7;;;;0;215;1;308,6;OVDAdmin;2026-02-05 01:44
2025-08-24;15:00;Noon (Position) - Port;;24;0;S;24;8,89;W;46;22,01;BRSSZ;BRSSZ;202504-4-BRARB-BRSSZ;8993,97;0;0;0;0;;;2,9;1,5;;;166,9;137,3;;;;0;215;1;304,2;OVDAdmin;2026-02-05 01:44
2025-08-25;15:00;Noon (Position) - Port;;24;0;S;24;8,87;W;46;22,03;BRSSZ;BRSSZ;202504-4-BRARB-BRSSZ;8993,97;0;0;0;0;;;2,6;1,6;;;166,9;133,1;;;;0;215;1;300;OVDAdmin;2026-02-05 01:44
2025-08-26;15:00;Noon (Position) - Port;;24;20;S;23;55,16;W;46;21,63;BRSSZ;BRSSZ;202504-4-BRARB-BRSSZ;8993,97;0;3,25;0;0;1,9;;3,8;1,5;;;166,9;125,9;;;;3817,59;215;1;292,8;OVDAdmin;2026-02-05 01:44
2025-08-27;15:00;Noon (Position) - Port;;24;0;S;23;55,16;W;46;21,63;BRSSZ;BRSSZ;202504-4-BRARB-BRSSZ;8993,97;0;0;0;0;;;5,2;1,6;;;166,9;119,1;;;;12176,5;215;1,1;286;OVDAdmin;2026-02-05 01:44
2025-08-28;15:00;Noon (Position) - Port;;24;0;S;23;55,16;W;46;21,63;BRSSZ;BRSSZ;202504-4-BRARB-BRSSZ;8993,97;0;0;0;0;;;5;1,8;;;166,9;112,3;;;;5786,41;215;1;279,2;OVDAdmin;2026-02-05 01:44
2025-08-29;15:00;Noon (Position) - Port;;24;0;S;23;55,16;W;46;21,63;BRSSZ;BRSSZ;202504-4-BRARB-BRSSZ;8993,97;0;0;0;0;;;5,2;2,2;;;166,9;104,9;;;;5616,625;215;1;271,8;OVDAdmin;2026-02-05 01:44
2025-08-30;02:45;Departure;;11,75;0;S;23;55,16;W;46;21,63;BRSSZ;BRSSZ;202504-4-BRARB-BRSSZ;8993,97;0;0;0;0;;;1,8;1;;;166,9;102,1;799,73;;;0;215;0,7;1068,73;OVDAdmin;2026-02-05 01:44
2025-08-30;04:12;Begin of sea passage;;1,45;12;S;24;1,98;W;46;21,13;BRSSZ;ARCMP;202504-5-BRSSZ-ARCMP;8993,97;0;1,45;0;0;0,7;;0,2;;;;166,9;101,2;799,73;;;0;215;;1067,83;OVDAdmin;2026-02-05 01:44
2025-08-30;15:00;Noon (Position) - Sea passage;;10,8;144;S;25;58,99;W;47;39,37;BRSSZ;ARCMP;202504-5-BRSSZ-ARCMP;8993,97;10,8;0;0;0;10,5;;0,6;0,3;;;166,9;89,8;799,73;;;0;215;0,1;1056,43;OVDAdmin;2026-02-05 01:44
2025-08-31;15:00;Noon (Position) - Sea passage;;24;333;S;30;54,44;W;49;47,17;BRSSZ;ARCMP;202504-5-BRSSZ-ARCMP;8993,97;24;0;0;0;22,8;;2,5;1,6;;;166,9;62,9;799,73;;;0;215;1;1029,53;OVDAdmin;2026-02-05 01:44
2025-09-01;15:00;Noon (Position) - Sea passage;;24;342;S;34;56,02;W;54;20,1;BRSSZ;ARCMP;202504-5-BRSSZ-ARCMP;8993,97;24;0;0;0;22,5;;2,3;2;;;166,9;36,1;799,73;;;0;215;1;1002,73;OVDAdmin;2026-02-05 01:44
2025-09-01;20:30;End of sea passage;;5,5;74;S;35;4,09;W;55;48,04;BRSSZ;ARCMP;202504-5-BRSSZ-ARCMP;8993,97;5,5;0;0;0;4,8;;1,3;0,4;;;166,9;29,6;799,73;;;0;215;0,4;996,23;OVDAdmin;2026-02-05 01:44
2025-09-02;15:00;Noon (Position) - Sea passage;;18,5;182;S;34;9,41;W;58;55,13;BRSSZ;ARCMP;202504-5-BRSSZ-ARCMP;8993,97;0;18,5;0;0;16,4;;3;0,5;;;166,9;9,7;799,73;;;0;215;0,5;976,33;OVDAdmin;2026-02-05 01:44
2025-09-02;15:40;Arrival;;0,67;1;S;34;9,4;W;58;55,14;BRSSZ;ARCMP;202504-5-BRSSZ-ARCMP;8993,97;0;0,67;0;0;0,2;;0,2;;;;166,9;9,3;799,73;;;0;215;;975,93;OVDAdmin;2026-02-05 01:44
2025-09-03;15:00;Noon (Position) - Port;;23,33;0;S;34;9,41;W;58;55,13;ARCMP;ARCMP;202504-5-BRSSZ-ARCMP;2456,69;0;0;0;0;;;5,2;2,1;;;166,9;2;799,73;;;8290,31;215;1,3;968,63;OVDAdmin;2026-02-05 01:44
2025-09-03;22:15;Noon (Position) - Port;;7,25;0;S;34;9,41;W;58;55,13;ARCMP;ARCMP;202504-5-BRSSZ-ARCMP;2456,69;0;0;0;0;0,3;;1,8;0,6;;;166,9;1,7;797,33;;;944,965;215;0,3;965,93;OVDAdmin;2026-02-05 01:44
2025-09-04;15:00;Departure;;16,75;171;S;35;3,8;W;55;57,65;ARCMP;ARCMP;202504-5-BRSSZ-ARCMP;2456,69;0;15,08;1,67;0;11,2;;2,7;0,7;;;166,9;1,7;782,73;;;0;215;0,2;951,33;OVDAdmin;2026-02-05 01:44
2025-09-04;16:00;Begin of sea passage;;1;1;S;35;3,42;W;55;55,46;ARCMP;ARBHI;202504-6-ARCMP-ARBHI;2456,69;0;0,77;0,23;0;0,4;;0,4;0,2;;;166,9;1,3;782,13;;;0;215;;950,33;OVDAdmin;2026-02-05 01:44
2025-09-05;15:00;Noon (Position) - Sea passage;;23;291;S;38;29,55;W;57;36,28;ARCMP;ARBHI;202504-6-ARCMP-ARBHI;2456,69;23;0;0;0;1,3;20,7;2,1;2,4;;;166,9;0;756,93;;;0;215;0,8;923,83;OVDAdmin;2026-02-05 01:44
2025-09-06;05:30;End of sea passage;;14,5;186;S;39;21,96;W;61;26,03;ARCMP;ARBHI;202504-6-ARCMP-ARBHI;2456,69;14,5;0;0;0;12,6;;2,2;1,8;;;166,9;740,33;;;;0;215;0,6;907,23;OVDAdmin;2026-02-05 01:44
2025-09-06;15:00;Noon (Position) - Sea passage;;9,5;25;S;39;7,23;W;61;46,88;ARCMP;ARBHI;202504-6-ARCMP-ARBHI;2456,69;0;3,4;6,1;0;2,93;;1,2;1;;;166,9;735,2;;;;0;215;0,2;902,1;OVDAdmin;2026-02-05 01:44
2025-09-06;19:05;Arrival;;4,08;34;S;38;47,06;W;62;18,38;ARCMP;ARBHI;202504-6-ARCMP-ARBHI;2456,69;0;4,08;0;0;2,2;;0,8;0,5;;;166,9;731,7;;;;0;215;0,2;898,6;OVDAdmin;2026-02-05 01:44
2025-09-07;15:00;Noon (Position) - Port;;19,92;0;S;38;47,06;W;62;18,38;ARBHI;ARBHI;202504-6-ARCMP-ARBHI;2200;0;0;0;0;;;4,5;1,2;;;166,9;726;;;;8317,75;215;;892,9;OVDAdmin;2026-02-05 01:44
2025-09-08;15:00;Noon (Position) - Port;;24;0,5;S;38;46,96;W;62;18,61;ARBHI;ARBHI;202504-6-ARCMP-ARBHI;2200;0;0,88;0;0;0,4;;3,1;0,8;;;166,9;721,7;;;;0;215;;888,6;OVDAdmin;2026-02-05 01:44
2025-09-09;06:15;Departure;;15,25;0;S;38;46,97;W;62;18,61;ARBHI;ARBHI;202504-6-ARCMP-ARBHI;2200;0;0;0;0;0,4;;1,7;0,8;;;166,9;718,8;;;;0;215;;885,7;OVDAdmin;2026-02-05 01:44
2025-09-09;11:00;Begin of sea passage;;4,75;47;S;39;16,87;W;61;38,38;ARBHI;BRARB;202504-7-ARBHI-BRARB;2200;0;4,75;0;0;3;;0,7;;;;166,9;715,1;;;;;215;;882;OVDAdmin;2026-02-05 01:44
2025-09-09;15:00;Noon (Position) - Sea passage;;4;57;S;39;16,46;W;60;28,92;ARBHI;BRARB;202504-7-ARBHI-BRARB;2200;4;0;0;0;3,6;;;0,2;;;166,9;711,3;;;;;215;;878,2;OVDAdmin;2026-02-05 01:44
2025-09-10;15:00;Noon (Position) - Sea passage;;24;319;S;37;9,95;W;54;19,79;ARBHI;BRARB;202504-7-ARBHI-BRARB;2200;24;0;0;0;22,4;;2;0,6;;;166,9;686,3;;;;;215;;853,2;OVDAdmin;2026-02-05 01:44
2025-09-11;15:00;Noon (Position) - Sea passage;;24;311;S;33;28,55;W;49;58,18;ARBHI;BRARB;202504-7-ARBHI-BRARB;2200;24;0;0;0;22,2;;2,2;0,2;;;166,9;661,7;;;;;215;;828,6;OVDAdmin;2026-02-05 01:44
2025-09-12;15:00;Noon (Position) - Sea passage;;24;324;S;29;35,71;W;45;33,45;ARBHI;BRARB;202504-7-ARBHI-BRARB;2200;24;0;0;0;22;;2,1;;;;166,9;637,6;;;;;215;;804,5;OVDAdmin;2026-02-05 01:44
2025-09-13;15:00;Noon (Position) - Sea passage;;24;323;S;25;42,98;W;41;20,25;ARBHI;BRARB;202504-7-ARBHI-BRARB;2200;24;0;0;0;22;;2,4;;;;166,9;613,2;;;;;215;;780,1;OVDAdmin;2026-02-05 01:44
2025-09-14;15:00;Noon (Position) - Sea passage;;24;315;S;21;30,88;W;37;53,22;ARBHI;BRARB;202504-7-ARBHI-BRARB;2200;24;0;0;0;22,6;;1,1;;;;166,9;589,5;;;;;215;;756,4;OVDAdmin;2026-02-05 01:44
2025-09-15;15:00;Noon (Position) - Sea passage;;24;312;S;16;21,59;W;37;50,22;ARBHI;BRARB;202504-7-ARBHI-BRARB;2200;24;0;0;0;22,3;;1;;;;166,9;566,2;;;;;215;;733,1;OVDAdmin;2026-02-05 01:44
2025-09-16;05:30;End of sea passage;;14,5;194;S;13;11,81;W;38;35,13;ARBHI;BRARB;202504-7-ARBHI-BRARB;2200;14,5;0;0;0;13,5;;0,8;;;;166,9;551,9;;;;;215;;718,8;OVDAdmin;2026-02-05 01:44
2025-09-16;10:45;Arrival;;5,25;26;S;12;46,99;W;38;30;ARBHI;BRARB;202504-7-ARBHI-BRARB;2200;0;3,9;1,35;0;1,8;;0,8;0,2;;;166,9;549,1;;;;;215;;716;OVDAdmin;2026-02-05 01:44
2025-09-16;15:00;Noon (Position) - Port;;4,25;0;S;12;46,99;W;38;30;BRARB;BRARB;202504-7-ARBHI-BRARB;4643,99;0;0;0;0;;;0,5;0,2;;;166,9;548,4;;;;;215;;715,3;OVDAdmin;2026-02-05 01:44
2025-09-17;15:00;Noon (Position) - Port;;24;2;S;12;47;W;38;28,61;BRARB;BRARB;202504-7-ARBHI-BRARB;4643,99;0;1;0;0;0,4;;3;1;;;166,9;544;;;;;215;;710,9;OVDAdmin;2026-02-05 01:44
2025-09-18;15:00;Noon (Position) - Port;;24;0;S;12;47;W;38;28,61;BRARB;BRARB;202504-7-ARBHI-BRARB;4643,99;0;0;0;0;;;2,8;1;;;166,9;540,2;;;;;215;;707,1;OVDAdmin;2026-02-05 01:44
2025-09-19;01:50;Departure;CargoOperations;10,83;0;S;12;47,05;W;38;28,49;BRARB;BRARB;202504-7-ARBHI-BRARB;4643,99;0;0;0;0;;;1,2;0,6;;;166,9;538,4;;;;;215;;705,3;OVDAdmin;2026-02-05 01:44
2025-09-19;03:24;Begin of sea passage;;1,57;17;S;12;59,62;W;38;33,48;BRARB;USHOU;202505-2-BRARB-USHOU;4643,99;0;1,57;0;0;1,2;;0,3;;;;166,9;536,9;;;;;215;;703,8;OVDAdmin;2026-02-05 01:44
2025-09-19;15:00;Noon (Position) - Sea passage;;11,6;156;S;11;33,1;W;36;44,46;BRARB;USHOU;202505-2-BRARB-USHOU;4643,99;11,6;0;0;0;10,2;;0,6;0,4;;;166,9;525,7;;;;;215;;692,6;OVDAdmin;2026-02-05 01:44
2025-09-20;15:00;Noon (Position) - Sea passage;;24;324;S;6;58,56;W;34;31,63;BRARB;USHOU;202505-2-BRARB-USHOU;4643,99;24;0;0;0;22,5;;1,2;0,5;;;166,9;501,5;;;;;215;;668,4;OVDAdmin;2026-02-05 01:44
2025-09-21;15:00;Noon (Position) - Sea passage;;24;358;S;2;54,72;W;38;21,3;BRARB;USHOU;202505-2-BRARB-USHOU;4643,99;24;0;0;0;22,6;;1,3;;;;166,9;477,6;;;;;215;;644,5;OVDAdmin;2026-02-05 01:44
2025-09-22;15:00;Noon (Position) - Sea passage;;24;351;N;0;14,4;W;43;10,43;BRARB;USHOU;202505-2-BRARB-USHOU;4643,99;24;0;0;0;22,6;;1,3;;;;166,9;453,7;;;;;215;;620,6;OVDAdmin;2026-02-05 01:44
2025-09-23;15:00;Noon (Position) - Sea passage;;24;381;N;3;51,92;W;48;40,25;BRARB;USHOU;202505-2-BRARB-USHOU;4643,99;24;0;0;0;22,4;;1,1;;;;166,9;430,2;;;;;215;;597,1;OVDAdmin;2026-02-05 01:44
2025-09-24;15:00;Noon (Position) - Sea passage;;24;359;N;7;2,91;W;53;41,59;BRARB;USHOU;202505-2-BRARB-USHOU;4643,99;24;0;0;0;22,8;;0,2;;;;166,9;407,2;;;;;215;;574,1;OVDAdmin;2026-02-05 01:44
2025-09-25;16:00;Noon (Position) - Sea passage;;25;345;N;9;53,66;W;58;44,71;BRARB;USHOU;202505-2-BRARB-USHOU;4643,99;25;0;0;0;23,7;;0,5;;;;166,9;383;;;;;215;;549,9;OVDAdmin;2026-02-05 01:44
2025-09-26;16:00;Noon (Position) - Sea passage;;24;347;N;12;21,5;W;64;5,87;BRARB;USHOU;202505-2-BRARB-USHOU;4643,99;24;0;0;0;22,6;;0,9;;;;166,9;359,5;;;;;215;;526,4;OVDAdmin;2026-02-05 01:44
2025-09-27;16:00;Noon (Position) - Sea passage;;24;333;N;14;28,77;W;69;15,56;BRARB;USHOU;202505-2-BRARB-USHOU;4643,99;24;0;0;0;22,8;;;;;;166,9;336,7;;;;;215;;503,6;OVDAdmin;2026-02-05 01:44
2025-09-28;17:00;Noon (Position) - Sea passage;;25;332;N;15;48,78;W;74;50,93;BRARB;USHOU;202505-2-BRARB-USHOU;4643,99;25;0;0;0;23,6;;0,5;;;;166,9;312,6;;;;;215;;479,5;OVDAdmin;2026-02-05 01:44
2025-09-29;17:00;Noon (Position) - Sea passage;;24;308;N;17;9,86;W;79;55,95;BRARB;USHOU;202505-2-BRARB-USHOU;4643,99;24;0;0;0;22,8;;0,4;;;;166,9;289,4;;;;;215;;456,3;OVDAdmin;2026-02-05 01:44
2025-09-30;17:00;Noon (Position) - Sea passage;;24;323;N;20;41,63;W;84;16,19;BRARB;USHOU;202505-2-BRARB-USHOU;4643,99;24;0;0;0;22,8;;1;;;;166,9;265,6;;;;;215;;432,5;OVDAdmin;2026-02-05 01:44
2025-10-01;17:00;Noon (Position) - Sea passage;;24;319;N;23;57,27;W;88;42,7;BRARB;USHOU;202505-2-BRARB-USHOU;4643,99;24;0;0;0;22,6;;1,5;;;;166,9;241,5;;;;;215;;408,4;OVDAdmin;2026-02-05 01:44
2025-10-02;17:00;Noon (Position) - Sea passage;;24;332;N;26;50,81;W;93;48,97;BRARB;USHOU;202505-2-BRARB-USHOU;4643,99;24;0;0;0;16,8;5,2;1;0,1;0,8;;160,6;223,9;;;;;215;;384,5;OVDAdmin;2026-02-05 01:44
2025-10-03;04:42;End of sea passage;;11,7;149;N;29;12,66;W;94;26,94;BRARB;USHOU;202505-2-BRARB-USHOU;4643,99;11,7;0;0;0;9,3;;2,2;0,1;;;149;223,9;;;;;215;;372,9;OVDAdmin;2026-02-05 01:44
2025-10-03;17:00;Noon (Position) - Sea passage;;12,3;8;N;29;17,94;W;94;33,13;BRARB;USHOU;202505-2-BRARB-USHOU;4643,99;0;1,9;10,4;0;0,5;;1,7;0,3;;;146,5;223,9;;;;;215;;370,4;OVDAdmin;2026-02-05 01:44
2025-10-04;17:00;Noon (Position) - Sea passage;;24;0;N;29;17,9;W;94;33,12;BRARB;USHOU;202505-2-BRARB-USHOU;4643,99;0;0;24;0;;;4,2;0,8;;;141,5;223,9;;;;;215;;365,4;OVDAdmin;2026-02-05 01:44
2025-10-05;17:00;Noon (Position) - Sea passage;;24;14;N;29;21,4;W;94;47,45;BRARB;USHOU;202505-2-BRARB-USHOU;4643,99;0;1,6;22,4;0;0,7;;3,4;1;;;136,4;223,9;;;;;215;;360,3;OVDAdmin;2026-02-05 01:44
2025-10-05;20:32;Arrival;;3,53;32;N;29;44,6;W;95;5,9;BRARB;USHOU;202505-2-BRARB-USHOU;4643,99;0;3,53;0;0;2,9;;0,9;;;;132,6;223,9;;;;;215;;356,5;OVDAdmin;2026-02-05 01:44
2025-10-06;17:00;Noon (Position) - Port;;20,47;0;N;29;44,6;W;95;5,9;USHOU;USHOU;202505-2-BRARB-USHOU;25444,74;0;0;0;0;;;3,8;0,8;;;128;223,9;;;;2087,155;215;;351,9;OVDAdmin;2026-02-05 01:44
2025-10-07;17:00;Noon (Position) - Port;;24;54;N;29;44,1;W;95;9,04;USHOU;USHOU;202505-2-BRARB-USHOU;25444,74;0;10,92;0;0;6,2;;4,4;0,7;;;116,7;223,9;;;;128,625;215;;340,6;OVDAdmin;2026-02-05 01:44
2025-10-08;17:00;Noon (Position) - Port;;24;49;N;29;14,81;W;94;36,89;USHOU;USHOU;202505-2-BRARB-USHOU;25444,74;0;5,28;0;0;5,8;;3,8;0,7;;;106,4;223,9;;;;;215;;330,3;OVDAdmin;2026-02-05 01:44
2025-10-09;17:00;Noon (Position) - Port;;24;36;N;29;36,52;W;95;1,14;USHOU;USHOU;202505-2-BRARB-USHOU;25444,74;0;4,1;0;0;3,8;;4,7;1,1;;;96,8;223,9;499,79;299,74;;2378,705;215;;1120,23;OVDAdmin;2026-02-05 01:44
2025-10-10;17:00;Noon (Position) - Port;;24;161;N;29;16,91;W;94;28,52;USHOU;USHOU;202505-2-BRARB-USHOU;25444,74;0;14,23;0;0;10,4;;4,2;1;;;81,2;223,9;499,79;299,74;;;215;;1104,63;OVDAdmin;2026-02-05 01:44
2025-10-11;17:00;Noon (Position) - Port;;24;24;N;29;22,41;W;94;53,36;USHOU;USHOU;202505-2-BRARB-USHOU;25444,74;0;3,43;0;0;2,6;;3;1;;;74,6;223,9;499,79;299,74;;;215;;1098,03;OVDAdmin;2026-02-05 01:44
2025-10-12;17:00;Noon (Position) - Port;;24;19;N;29;18,37;W;94;33,92;USHOU;USHOU;202505-2-BRARB-USHOU;25444,74;0;2,28;0;0;1,9;;3;0,8;;;68,9;223,9;499,79;299,74;;;215;;1092,33;OVDAdmin;2026-02-05 01:44
2025-10-13;17:00;Noon (Position) - Port;;24;39;N;29;43,37;W;95;1,19;USHOU;USHOU;202505-2-BRARB-USHOU;25444,74;0;3,82;0;0;3;;3;0,8;;;62,1;223,9;499,79;299,74;;;215;;1085,53;OVDAdmin;2026-02-05 01:44
2025-10-14;17:00;Noon (Position) - Port;;24;0,08;N;29;43,37;W;95;1,19;USHOU;USHOU;202505-2-BRARB-USHOU;25444,74;0;0;0;0;;;2,8;1;;;58,26;223,9;499,79;299,74;;;215;;1081,69;OVDAdmin;2026-02-05 01:44
2025-10-15;17:00;Noon (Position) - Port;;24;0;N;29;43,37;W;95;1,19;USHOU;USHOU;202505-2-BRARB-USHOU;25444,74;0;0;0;0;;;3;1;;;54,26;223,9;499,79;299,74;;;215;;1077,69;OVDAdmin;2026-02-05 01:44
2025-10-16;17:00;Noon (Position) - Port;;24;1;N;29;43,54;W;95;1,25;USHOU;USHOU;202505-2-BRARB-USHOU;25444,74;0;0,78;0;0;0,4;;3;0,8;;;50,06;223,9;499,79;299,74;;;215;;1073,49;OVDAdmin;2026-02-05 01:44
2025-10-17;17:00;Noon (Position) - Port;;24;40;N;29;17,72;W;94;34;USHOU;USHOU;202505-2-BRARB-USHOU;25444,74;0;4,2;0;0;3,4;;3,2;0,8;;;42,66;223,9;499,79;299,74;;;215;;1066,09;OVDAdmin;2026-02-05 01:44
2025-10-18;17:00;Noon (Position) - Port;;24;21;N;29;21,7;W;94;55;USHOU;USHOU;202505-2-BRARB-USHOU;25444,74;0;2,77;0;0;2,3;;3;1;;;36,36;223,9;499,79;299,74;;;215;;1059,79;OVDAdmin;2026-02-05 01:44
2025-10-19;17:00;Noon (Position) - Port;;24;21;N;29;19,08;W;94;33,92;USHOU;USHOU;202505-2-BRARB-USHOU;25444,74;0;2,62;0;0;2,2;;4,6;0,8;;;28,76;223,9;499,79;299,74;;;215;;1052,19;OVDAdmin;2026-02-05 01:44
2025-10-20;17:00;Noon (Position) - Port;;24;45;N;29;44,68;W;95;5,98;USHOU;USHOU;202505-2-BRARB-USHOU;25444,74;0;5,58;0;0;4,3;;5;0,8;;;18,66;223,9;499,79;299,74;;;215;;1042,09;OVDAdmin;2026-02-05 01:44
2025-10-21;17:00;Noon (Position) - Port;;24;0;N;29;44,68;W;95;5,98;USHOU;USHOU;202505-2-BRARB-USHOU;25444,74;0;0;0;0;;;4,5;0,8;;;13,36;223,9;499,79;299,74;;;215;;1036,79;OVDAdmin;2026-02-05 01:44
2025-10-22;17:00;Noon (Position) - Port;;24;2;N;29;44,25;W;95;7,72;USHOU;USHOU;202505-2-BRARB-USHOU;25444,74;0;1,38;0;0;0,9;;3,8;0,9;;;7,76;223,9;499,79;299,74;;;215;;1031,19;OVDAdmin;2026-02-05 01:44
2025-10-23;17:00;Noon (Position) - Port;;24;50;N;29;16,2;W;94;30,74;USHOU;USHOU;202505-2-BRARB-USHOU;25444,74;0;5,07;0;0;4,1;;3,6;;;0,6;0,06;223,9;499,79;299,14;;;215;;1022,89;OVDAdmin;2026-02-05 01:44
2025-10-24;17:00;Noon (Position) - Port;;24;0;N;29;16,19;W;94;30,74;USHOU;USHOU;202505-2-BRARB-USHOU;25444,74;0;0;0;0;;;0,06;;3,14;0,8;0;223,9;499,79;295,2;;;215;;1018,89;OVDAdmin;2026-02-05 01:44
2025-10-25;17:00;Noon (Position) - Port;;24;0;N;29;16,12;W;94;30,69;USHOU;USHOU;202505-2-BRARB-USHOU;25444,74;0;0;0;0;;;2,8;0,8;;;223,9;499,79;291,6;;;;215;;1015,29;OVDAdmin;2026-02-05 01:44
2025-10-26;17:00;Noon (Position) - Port;;24;49;N;29;44,83;W;95;5,89;USHOU;USHOU;202505-2-BRARB-USHOU;25444,74;0;5,25;0;0;3,8;;3,5;0,7;;;223,9;499,79;283,6;;;;215;;1007,29;OVDAdmin;2026-02-05 01:44
2025-10-27;11:24;Departure;CargoOperations;18,4;0,1;N;29;44,83;W;95;5,88;USHOU;USHOU;202505-2-BRARB-USHOU;25444,74;0;0;0;0;0,3;;3;0,7;;;223,9;499,79;279,6;;;;215;;1003,29;OVDAdmin;2026-02-05 01:44
2025-10-27;15:24;Begin of sea passage;;4;21;N;29;16,75;W;94;36,53;USHOU;USFPO;202505-3-USHOU-USFPO;25444,74;0;4;0;0;3,5;;0,8;;;;223,9;499,79;275,3;;;;215;;998,99;OVDAdmin;2026-02-05 01:44
2025-10-27;17:00;Noon (Position) - Sea passage;;1,6;21;N;29;2,7;W;94;35;USHOU;USFPO;202505-3-USHOU-USFPO;25444,74;1,6;0;0;0;1,1;;0,3;;;;223,9;499,79;273,9;;;;215;;997,59;OVDAdmin;2026-02-05 01:44
2025-10-27;19:24;End of sea passage;;2,4;25;N;28;48,63;W;95;0,5;USHOU;USFPO;202505-3-USHOU-USFPO;25444,74;2,4;0;0;0;2,3;;0,7;;;;223,9;499,79;270,9;;;;215;;994,59;OVDAdmin;2026-02-05 01:44
2025-10-28;02:42;Arrival;;7,3;13;N;28;56,6;W;95;19,03;USHOU;USFPO;202505-3-USHOU-USFPO;25444,74;0;3,57;3,73;0;2,7;;1,4;0,1;;;223,9;499,79;266,7;;;;215;;990,39;OVDAdmin;2026-02-05 01:44
2025-10-28;17:00;Noon (Position) - Port;;14,3;0;N;28;56,6;W;95;19,03;USFPO;USFPO;202505-3-USHOU-USFPO;27196,46;0;0;0;0;;;2;0,4;;;223,9;499,79;264,3;;;;215;0,2;987,99;OVDAdmin;2026-02-05 01:44
2025-10-29;17:00;Noon (Position) - Port;;24;0;N;28;56,6;W;95;19,03;USFPO;USFPO;202505-3-USHOU-USFPO;27196,46;0;0;0;0;;;3,8;0,9;;;223,9;499,79;259,6;;;2032,275;215;0,5;983,29;OVDAdmin;2026-02-05 01:44
2025-10-30;17:00;Noon (Position) - Port;;24;0;N;28;56,6;W;95;19,03;USFPO;USFPO;202505-3-USHOU-USFPO;27196,46;0;0;0;0;;;4,4;1,4;;;223,9;499,79;253,8;;;;215;0,9;977,49;OVDAdmin;2026-02-05 01:44
2025-10-31;17:00;Noon (Position) - Port;;24;0;N;28;56,6;W;95;19,03;USFPO;USFPO;202505-3-USHOU-USFPO;27196,46;0;0;0;0;;;4,6;1,4;;;223,9;499,79;247,8;;;;215;0,9;971,49;OVDAdmin;2026-02-05 01:44
2025-11-01;17:00;Noon (Position) - Port;;24;0;N;28;56,6;W;95;19,03;USFPO;USFPO;202505-3-USHOU-USFPO;27196,46;0;0;0;0;;;2,8;1,4;;;223,9;499,79;243,6;;;;215;0,9;967,29;OVDAdmin;2026-02-05 01:44
2025-11-02;02:58;Departure;CargoOperations;9,97;0;N;28;56,6;W;95;19,03;USFPO;USFPO;202505-3-USHOU-USFPO;27196,46;0;0;0;0;;;1,5;0,6;;;223,9;499,79;241,5;;;;215;0,3;965,19;OVDAdmin;2026-02-05 01:44
2025-11-02;03:54;Begin of sea passage;;0,93;8;N;28;51,57;W;95;13,61;USFPO;USBTR;202506-1-USFPO-USBTR;27196,46;0;0,93;0;0;0,5;;0,2;;;;223,9;499,79;240,8;;;;215;;964,49;OVDAdmin;2026-02-05 01:44
2025-11-02;18:00;Noon (Position) - Sea passage;;14,1;169;N;27;50,21;W;92;49,21;USFPO;USBTR;202506-1-USFPO-USBTR;27196,46;14,1;0;0;0;12;;2,2;1,1;;;223,9;499,79;225,5;;;;215;0,7;949,19;OVDAdmin;2026-02-05 01:44
2025-11-03;10:00;End of sea passage;;16;195;N;28;43,6;W;89;31,2;USFPO;USBTR;202506-1-USFPO-USBTR;27196,46;16;0;0;0;13,9;;2,9;0,3;;;223,9;499,79;208,4;;;;215;0,2;932,09;OVDAdmin;2026-02-05 01:44
2025-11-03;18:00;Noon (Position) - Sea passage;;8;90;N;29;45,64;W;90;1,41;USFPO;USBTR;202506-1-USFPO-USBTR;27196,46;0;8;0;0;6,7;;1;0,8;;;223,9;499,79;199,9;;;;215;0,5;923,59;OVDAdmin;2026-02-05 01:44
2025-11-04;05:18;Arrival;;11,3;100;N;30;11,15;W;91;0,82;USFPO;USBTR;202506-1-USFPO-USBTR;27196,46;0;11,3;0;0;7,7;;2,1;0,1;;;223,9;499,79;190;;;;215;;913,69;OVDAdmin;2026-02-05 01:44
2025-11-04;18:00;Noon (Position) - Port;;12,7;0;N;30;11,15;W;91;0,82;USBTR;USBTR;202506-1-USFPO-USBTR;28696,01;0;0;0;0;;;1,5;1;;;223,9;499,79;187,5;;;;215;0,7;911,19;OVDAdmin;2026-02-05 01:44
2025-11-05;08:12;Noon (Position) - Port;;14,2;0;N;30;11,15;W;91;0,82;USBTR;USBTR;202506-1-USFPO-USBTR;28696,01;0;0;0;0;0,8;;2,8;0,7;;;223,9;499,79;183,2;;;;215;0,4;906,89;OVDAdmin;2026-02-05 01:44
2025-11-05;18:00;Departure;CargoOperations;9,8;118;N;29;35,53;W;89;49,37;USBTR;USBTR;202506-1-USFPO-USBTR;28696,01;0;9,8;0;0;6,9;;1,4;0,5;;;223,9;499,79;174,4;;;;215;0,3;898,09;OVDAdmin;2026-02-05 01:44
2025-11-05;23:12;Begin of sea passage;;5,2;66;N;28;51,65;W;89;25,52;USBTR;BRARB;202506-2-USBTR-BRARB;28696,01;0;5,2;0;0;5,2;;1,3;;;;223,9;499,79;167,9;;;;215;;891,59;OVDAdmin;2026-02-05 01:44
2025-11-06;18:00;Noon (Position) - Sea passage;;18,8;244;N;25;29,83;W;86;55,65;USBTR;BRARB;202506-2-USBTR-BRARB;28696,01;18,8;0;0;0;14,6;2;0,4;;2,4;;221,5;499,79;150,9;;;;215;;872,19;OVDAdmin;2026-02-05 01:44
2025-11-07;18:00;Noon (Position) - Sea passage;;24;327;N;23;25,76;W;81;38,9;USBTR;BRARB;202506-2-USBTR-BRARB;28696,01;24;0;0;0;22,5;;1,2;0,4;;;197,4;499,79;150,9;;;;215;0,4;848,09;OVDAdmin;2026-02-05 01:44
2025-11-08;17:00;Noon (Position) - Sea passage;;23;294;N;21;41;W;76;50,43;USBTR;BRARB;202506-2-USBTR-BRARB;28696,01;23;0;0;0;21,4;;;0,8;;;175,2;499,79;150,9;;;;215;0,8;825,89;OVDAdmin;2026-02-05 01:44
2025-11-09;17:00;Noon (Position) - Sea passage;;24;307;N;20;13,73;W;71;37,69;USBTR;BRARB;202506-2-USBTR-BRARB;28696,01;24;0;0;0;22,4;;;0,6;;;152,2;499,79;150,9;;;;215;0,6;802,89;OVDAdmin;2026-02-05 01:44
2025-11-10;17:00;Noon (Position) - Sea passage;;24;289;N;19;42,28;W;66;34;USBTR;BRARB;202506-2-USBTR-BRARB;28696,01;24;0;0;0;22,3;;0,7;0,6;;;128,6;499,79;150,9;;;;215;0,6;779,29;OVDAdmin;2026-02-05 01:44
2025-11-11;16:00;Noon (Position) - Sea passage;;23;282;N;18;5,98;W;62;1,41;USBTR;BRARB;202506-2-USBTR-BRARB;28696,01;23;0;0;0;21,2;;0,9;;;;106,5;499,79;150,9;;;;215;;757,19;OVDAdmin;2026-02-05 01:44
2025-11-12;16:00;Noon (Position) - Sea passage;;24;282;N;15;21,25;W;58;3,42;USBTR;BRARB;202506-2-USBTR-BRARB;28696,01;24;0;0;0;22,4;;0,5;0,9;;;82,7;499,79;150,9;;;;215;0,9;733,39;OVDAdmin;2026-02-05 01:44
2025-11-13;16:00;Noon (Position) - Sea passage;;24;293;N;12;39,56;W;53;51,79;USBTR;BRARB;202506-2-USBTR-BRARB;28696,01;24;0;0;0;22,6;;1,1;0,9;;;58,1;499,79;150,9;;;;215;0,9;708,79;OVDAdmin;2026-02-05 01:44
2025-11-14;16:00;Noon (Position) - Sea passage;;24;299;N;9;22,69;W;50;6,24;USBTR;BRARB;202506-2-USBTR-BRARB;28696,01;24;0;0;0;22,8;;1,1;0,9;;;33,3;499,79;150,9;;;;215;0,9;683,99;OVDAdmin;2026-02-05 01:44
2025-11-15;15:00;Noon (Position) - Sea passage;;23;317;N;5;36,81;W;46;26,48;USBTR;BRARB;202506-2-USBTR-BRARB;28696,01;23;0;0;0;21,6;;1,1;0,8;;;9,8;499,79;150,9;;;;215;0,8;660,49;OVDAdmin;2026-02-05 01:44
2025-11-16;15:00;Noon (Position) - Sea passage;;24;291;N;2;17,88;W;42;53,58;USBTR;BRARB;202506-2-USBTR-BRARB;28696,01;24;0;0;0;9,8;13,09;;0,7;;;0;486;150,9;;;;215;0,7;636,9;OVDAdmin;2026-02-05 01:44
2025-11-17;15:00;Noon (Position) - Sea passage;;24;264;S;0;43,64;W;39;41,71;USBTR;BRARB;202506-2-USBTR-BRARB;28696,01;24;0;0;0;23;;0,6;0,8;;;461,6;150,9;;;;;215;0,8;612,5;OVDAdmin;2026-02-05 01:44
2025-11-18;15:00;Noon (Position) - Sea passage;;24;267;S;3;42,45;W;36;22,76;USBTR;BRARB;202506-2-USBTR-BRARB;28696,01;24;0;0;0;22,7;;1;0,8;;;437,1;150,9;;;;;215;0,8;588;OVDAdmin;2026-02-05 01:44
2025-11-19;15:00;Noon (Position) - Sea passage;;24;311;S;8;12,61;W;34;23,89;USBTR;BRARB;202506-2-USBTR-BRARB;28696,01;24;0;0;0;22,7;;1,1;0,8;;;412,5;150,9;;;;;215;0,8;563,4;OVDAdmin;2026-02-05 01:44
2025-11-20;15:00;Noon (Position) - Sea passage;;24;334;S;12;43,95;W;37;41,04;USBTR;BRARB;202506-2-USBTR-BRARB;28696,01;24;0;0;0;22,7;;0,9;0,9;;;388;150,9;;;;;215;0,9;538,9;OVDAdmin;2026-02-05 01:44
2025-11-20;19:06;End of sea passage;;4,1;55;S;13;7,51;W;38;29,61;USBTR;BRARB;202506-2-USBTR-BRARB;28696,01;4,1;0;0;0;4;;0,7;0,3;;;383;150,9;;;;;215;0,3;533,9;OVDAdmin;2026-02-05 01:44
2025-11-21;15:00;Noon (Position) - Sea passage;;19,9;7;S;13;6,49;W;38;37,6;USBTR;BRARB;202506-2-USBTR-BRARB;28696,01;0;1,07;18,83;0;0,9;;2,2;0,8;;;379,1;150,9;;;;;215;0,4;530;OVDAdmin;2026-02-05 01:44
2025-11-22;15:00;Noon (Position) - Sea passage;;24;0;S;13;6,5;W;38;37,6;USBTR;BRARB;202506-2-USBTR-BRARB;28696,01;0;0;24;0;;;2,8;1,1;;;375,2;150,9;;;;;215;0,7;526,1;OVDAdmin;2026-02-05 01:44
2025-11-23;02:46;Arrival;;11,77;22;S;12;46,99;W;38;30;USBTR;BRARB;202506-2-USBTR-BRARB;28696,01;0;3,77;8;0;3,2;;1,8;0,5;;;369,7;150,9;;;;;215;0,3;520,6;OVDAdmin;2026-02-05 01:44
2025-11-23;15:00;Noon (Position) - Port;;12,23;0;S;12;46,99;W;38;30;BRARB;BRARB;202506-2-USBTR-BRARB;26573,56;0;0;0;0;;;1,2;0,6;;;367,9;150,9;;;;716,87;215;0,4;518,8;OVDAdmin;2026-02-05 01:44
2025-11-24;15:00;Noon (Position) - Port;;24;0;S;12;46,99;W;38;30;BRARB;BRARB;202506-2-USBTR-BRARB;26573,56;0;0;0;0;;;4,8;1,2;;;361,9;150,9;;;;5988,78;215;0,5;512,8;OVDAdmin;2026-02-05 01:44
2025-11-24;21:04;Departure;CargoOperations;6,07;0;S;12;46,99;W;38;30;BRARB;BRARB;202506-2-USBTR-BRARB;26573,56;0;0;0;0;;;1,3;0,5;;;360,1;150,9;;;;;215;0,3;511;OVDAdmin;2026-02-05 01:44
2025-11-24;22:30;Begin of sea passage;;1,43;15;S;13;0,38;W;38;33,8;BRARB;BRSSZ;202506-3-BRARB-BRSSZ;26573,56;0;1,43;0;0;1,8;;0,3;0,1;;;357,9;150,9;;;;;215;0,1;508,8;OVDAdmin;2026-02-05 01:44
2025-11-25;15:00;Noon (Position) - Sea passage;;16,5;218;S;16;33,74;W;37;50,98;BRARB;BRSSZ;202506-3-BRARB-BRSSZ;26573,56;16,5;0;0;0;13,2;;0,4;;;;344,3;150,9;;;;;215;;495,2;OVDAdmin;2026-02-05 01:44
2025-11-26;15:00;Noon (Position) - Sea passage;;24;300;S;21;30,51;W;38;0,73;BRARB;BRSSZ;202506-3-BRARB-BRSSZ;26573,56;24;0;0;0;22,6;;1,2;;;;320,5;150,9;;;;;215;;471,4;OVDAdmin;2026-02-05 01:44
2025-11-27;15:00;Noon (Position) - Sea passage;;24;284;S;24;0,99;W;42;7,54;BRARB;BRSSZ;202506-3-BRARB-BRSSZ;26573,56;24;0;0;0;22,2;;2,1;1,2;;;295;150,9;;;;;215;1,2;445,9;OVDAdmin;2026-02-05 01:44
2025-11-28;10:12;End of sea passage;;19,2;258;S;24;10,33;W;46;23,51;BRARB;BRSSZ;202506-3-BRARB-BRSSZ;26573,56;19,2;0;0;0;16,8;;1,5;1,2;;;275,5;150,9;;;;;215;0,8;426,4;OVDAdmin;2026-02-05 01:44
2025-11-28;12:50;Arrival;;2,63;20;S;23;55,16;W;46;21,62;BRARB;BRSSZ;202506-3-BRARB-BRSSZ;26573,56;0;2,63;0;0;1,5;;0,5;0,1;;;273,4;150,9;;;;;215;0,1;424,3;OVDAdmin;2026-02-05 01:44
2025-11-28;15:00;Noon (Position) - Port;;2,17;0;S;23;55,16;W;46;21,63;BRSSZ;BRSSZ;202506-3-BRARB-BRSSZ;13737,65;0;0;0;0;;;0,2;0,1;;;273,1;150,9;;;;;215;0,1;424;OVDAdmin;2026-02-05 01:44
2025-11-29;15:00;Noon (Position) - Port;;24;0;S;23;55,16;W;46;21,63;BRSSZ;BRSSZ;202506-3-BRARB-BRSSZ;13737,65;0;0;0;0;;;4,4;1,4;;;267,3;150,9;;;;6345,5;215;1;418,2;OVDAdmin;2026-02-05 01:44
2025-11-30;15:00;Noon (Position) - Port;;24;0;S;23;55,16;W;46;21,63;BRSSZ;BRSSZ;202506-3-BRARB-BRSSZ;13737,65;0;0;0;0;;;5;1,5;;;260,8;150,9;;;;10032,75;215;1;411,7;OVDAdmin;2026-02-05 01:44
2025-12-01;15:00;Noon (Position) - Port;;24;0;S;23;55,16;W;46;21,63;BRSSZ;BRSSZ;202506-3-BRARB-BRSSZ;13737,65;0;0;0;0;;;4,7;1,6;;;254,5;150,9;;;;5693,8;215;0,6;405,4;OVDAdmin;2026-02-05 01:44
2025-12-02;15:00;Noon (Position) - Port;;24;2;S;23;55,45;W;46;19,89;BRSSZ;BRSSZ;202506-3-BRARB-BRSSZ;13737,65;0;0,95;0;0;0,6;;3,2;1,8;;;248,9;150,9;;;;943,25;215;0,8;399,8;OVDAdmin;2026-02-05 01:44
2025-12-03;07:54;Departure;CargoOperations;16,9;0;S;23;55,45;W;46;19,88;BRSSZ;BRSSZ;202506-3-BRARB-BRSSZ;13737,65;0;0;0;0;;;2,6;1;;;245,3;150,9;699,2;100;;3285,94;215;0,5;1195,4;OVDAdmin;2026-02-05 01:44
2025-12-03;09:06;Begin of sea passage;;1,2;10;S;24;1,83;W;46;20,86;BRSSZ;BRRIO;202506-4-BRSSZ-BRRIO;13737,65;0;1,2;0;0;1;;0,2;;;;244,1;150,9;699,2;100;;;215;;1194,2;OVDAdmin;2026-02-05 01:44
2025-12-03;15:00;Noon (Position) - Sea passage;;5,9;79;S;24;21,48;W;45;25,52;BRSSZ;BRRIO;202506-4-BRSSZ-BRRIO;13737,65;5,9;0;0;0;4,4;;0,5;0,8;;;238,4;150,9;699,2;100;;;215;0,3;1188,5;OVDAdmin;2026-02-05 01:44
2025-12-04;01:24;End of sea passage;;10,4;141;S;23;14,37;W;43;12,5;BRSSZ;BRRIO;202506-4-BRSSZ-BRRIO;13737,65;10,4;0;0;0;10,2;;2;1,1;;;225,1;150,9;699,2;100;;;215;0,5;1175,2;OVDAdmin;2026-02-05 01:44
2025-12-04;09:26;Arrival;;8,03;39;S;22;49,4;W;43;9,73;BRSSZ;BRRIO;202506-4-BRSSZ-BRRIO;13737,65;0;8,03;0;0;2,6;;1,3;0,6;;;220,6;150,9;699,2;100;;;215;0,3;1170,7;OVDAdmin;2026-02-05 01:44
2025-12-04;15:00;Noon (Position) - Port;;5,57;0;S;22;49,4;W;43;9,73;BRRIO;BRRIO;202506-4-BRSSZ-BRRIO;6339,38;0;0;0;0;;;1;0,5;;;219,1;150,9;699,2;100;;;215;0,3;1169,2;OVDAdmin;2026-02-05 01:44
2025-12-05;15:00;Noon (Position) - Port;;24;0;S;22;49,4;W;43;9,73;BRRIO;BRRIO;202506-4-BRSSZ-BRRIO;6339,38;0;0;0;0;;;4,5;1,4;;;213,2;150,9;699,2;100;;7031,5;215;1;1163,3;OVDAdmin;2026-02-05 01:44
2025-12-05;17:58;Departure;CargoOperations;2,97;0;S;22;49,4;W;43;9,73;BRRIO;BRRIO;202506-4-BRSSZ-BRRIO;6339,38;0;0;0;0;;;0,9;0,4;;;211,9;150,9;699,2;100;;;215;0,2;1162;OVDAdmin;2026-02-05 01:44
2025-12-05;19:00;Begin of sea passage;;1,03;10;S;22;58,71;W;43;8,21;BRRIO;ARCMP;202506-5-BRRIO-ARCMP;6339,38;0;1,03;0;0;0,6;;0,2;;;;211,1;150,9;699,2;100;;;215;;1161,2;OVDAdmin;2026-02-05 01:44
2025-12-06;15:00;Noon (Position) - Sea passage;;20;271;S;26;51,87;W;45;14,14;BRRIO;ARCMP;202506-5-BRRIO-ARCMP;6339,38;20;0;0;0;17,9;;5;2,5;;;185,7;150,9;699,2;100;;;215;1;1135,8;OVDAdmin;2026-02-05 01:44
2025-12-07;15:00;Noon (Position) - Sea passage;;24;334;S;31;3,09;W;49;24,76;BRRIO;ARCMP;202506-5-BRRIO-ARCMP;6339,38;24;0;0;0;22,2;;3,2;3,2;;;157,1;150,9;699,2;100;;;215;1,2;1107,2;OVDAdmin;2026-02-05 01:44
2025-12-08;15:00;Noon (Position) - Sea passage;;24;316;S;34;45,57;W;53;41,71;BRRIO;ARCMP;202506-5-BRRIO-ARCMP;6339,38;24;0;0;0;22,5;;2;1,5;;;131,1;150,9;699,2;100;;;215;1;1081,2;OVDAdmin;2026-02-05 01:44
2025-12-08;21:00;End of sea passage;;6;85;S;35;2,6;W;55;22,06;BRRIO;ARCMP;202506-5-BRRIO-ARCMP;6339,38;6;0;0;0;6,4;;0,7;0,4;;;123,6;150,9;699,2;100;;;215;0,4;1073,7;OVDAdmin;2026-02-05 01:44
2025-12-09;15:00;Noon (Position) - Sea passage;;18;200;S;34;9,61;W;58;54,88;BRRIO;ARCMP;202506-5-BRRIO-ARCMP;6339,38;0;18;0;0;14,8;;2,9;0,1;;;105,8;150,9;699,2;100;;;215;0,1;1055,9;OVDAdmin;2026-02-05 01:44
2025-12-09;16:02;Arrival;;1,03;1;S;34;9,41;W;58;55,13;BRRIO;ARCMP;202506-5-BRRIO-ARCMP;6339,38;0;1,03;0;0;0,3;;0,2;0,1;;;105,2;150,9;699,2;100;;;215;;1055,3;OVDAdmin;2026-02-05 01:44
2025-12-10;15:00;Noon (Position) - Port;;22,97;0;S;34;9,41;W;58;55,13;ARCMP;ARCMP;202506-5-BRRIO-ARCMP;2932,36;0;0;0;0;;;5,3;1,7;;;98,2;150,9;699,2;100;;5601,19;215;1,2;1048,3;OVDAdmin;2026-02-05 01:44
2025-12-10;16:24;Departure;CargoOperations;1,4;0;S;34;9,41;W;58;55,13;ARCMP;ARCMP;202506-5-BRRIO-ARCMP;2932,36;0;0;0;0;0,3;;0,4;0,1;;;97,4;150,9;699,2;100;;;215;;1047,5;OVDAdmin;2026-02-05 01:44
2025-12-11;08:42;Begin of sea passage;;16,3;173;S;35;4,45;W;55;56,04;ARCMP;ARBHI;202506-6-ARCMP-ARBHI;2932,36;0;16,3;0;0;11,1;;4,1;2,2;;;80;150,9;699,2;100;;;215;;1030,1;OVDAdmin;2026-02-05 01:44
2025-12-11;15:00;Noon (Position) - Sea passage;;6,3;86;S;35;46,88;W;55;14,22;ARCMP;ARBHI;202506-6-ARCMP-ARBHI;2932,36;6,3;0;0;0;5,9;;0,5;;;;73,6;150,9;699,2;100;;;215;;1023,7;OVDAdmin;2026-02-05 01:44
2025-12-12;15:00;Noon (Position) - Sea passage;;24;319;S;39;10,32;W;59;51,9;ARCMP;ARBHI;202506-6-ARCMP-ARBHI;2932,36;24;0;0;0;23;;3;1,6;;;46;150,9;699,2;100;;;215;;996,1;OVDAdmin;2026-02-05 01:44
2025-12-12;20:30;End of sea passage;;5,5;74;S;39;21,51;W;61;24,68;ARCMP;ARBHI;202506-6-ARCMP-ARBHI;2932,36;5,5;0;0;0;5,8;;0,2;;;;40;150,9;699,2;100;;;215;;990,1;OVDAdmin;2026-02-05 01:44
2025-12-13;02:12;Arrival;;5,7;55;S;38;47,06;W;62;18,38;ARCMP;ARBHI;202506-6-ARCMP-ARBHI;2932,36;0;5,7;0;0;3,4;;1;0,1;;;35,5;150,9;699,2;100;;;215;;985,6;OVDAdmin;2026-02-05 01:44
2025-12-13;15:00;Noon (Position) - Port;;12,8;0;S;38;47,06;W;62;18,38;ARBHI;ARBHI;202506-6-ARCMP-ARBHI;1531,87;0;0;0;0;;;1,4;0,8;;;33,3;150,9;699,2;100;;;215;;983,4;OVDAdmin;2026-02-05 01:44
2025-12-14;15:00;Noon (Position) - Port;;24;0;S;38;47,06;W;62;18,38;ARBHI;ARBHI;202506-6-ARCMP-ARBHI;1531,87;0;0;0;0;;;4,8;1,4;;;27,1;150,9;699,2;100;;6115,69;215;;977,2;OVDAdmin;2026-02-05 01:44
2025-12-15;15:00;Noon (Position) - Port;;24;0;S;38;47,06;W;62;18,38;ARBHI;ARBHI;202506-6-ARCMP-ARBHI;1531,87;0;0;0;0;;;2,5;1,5;;;23,1;150,9;699,2;100;;;215;;973,2;OVDAdmin;2026-02-05 01:44
2025-12-16;15:00;Noon (Position) - Port;;24;0,3;S;38;46,97;W;62;18,61;ARBHI;ARBHI;202506-6-ARCMP-ARBHI;1531,87;0;1,17;0;0;0,5;;3,2;1,5;;;17,9;150,9;699,2;100;;;215;;968;OVDAdmin;2026-02-05 01:44
2025-12-16;18:20;Departure;CargoOperations;3,33;0,06;S;38;46,97;W;62;18,62;ARBHI;ARBHI;202506-6-ARCMP-ARBHI;1531,87;0;0;0;0;0,2;;0,6;0,3;;;16,8;150,9;699,2;100;;;215;;966,9;OVDAdmin;2026-02-05 01:44
2025-12-16;22:42;Begin of sea passage;;4,37;47;S;39;17,75;W;61;37,44;ARBHI;ARCMP;202506-7-ARBHI-ARCMP;1531,87;0;4,37;0;0;2,9;;0,8;;;;13,1;150,9;699,2;100;;;215;;963,2;OVDAdmin;2026-02-05 01:44
2025-12-17;15:00;Noon (Position) - Sea passage;;16,3;209;S;38;30,07;W;57;30,68;ARBHI;ARCMP;202506-7-ARBHI-ARCMP;1531,87;16,3;0;0;0;13,1;1,9;0,4;0,4;;;0;150,9;696,5;100;;;215;;947,4;OVDAdmin;2026-02-05 01:44
2025-12-18;12:00;End of sea passage;;21;273;S;35;1,28;W;55;42,32;ARBHI;ARCMP;202506-7-ARBHI-ARCMP;1531,87;21;0;0;0;21,4;;1;0,4;;;150,9;673,7;100;;;;215;;924,6;OVDAdmin;2026-02-05 01:44
2025-12-18;15:00;Noon (Position) - Sea passage;;3;24;S;35;3,97;W;56;7,8;ARBHI;ARCMP;202506-7-ARBHI-ARCMP;1531,87;0;3;0;0;1,6;;0,5;0,1;;;150,9;671,5;100;;;;215;;922,4;OVDAdmin;2026-02-05 01:44
2025-12-19;07:08;Arrival;;16,13;128;S;34;34,39;W;58;22,9;ARBHI;ARCMP;202506-7-ARBHI-ARCMP;1531,87;0;12,4;3,73;0;10,3;;3,3;0,4;;;150,9;657,5;100;;;;215;;908,4;OVDAdmin;2026-02-05 01:44
2025-12-19;15:00;Noon (Position) - Port;;7,87;0;S;34;34,39;W;58;22,9;ARCMP;ARCMP;202506-7-ARBHI-ARCMP;15798,93;0;0;0;0;;;1,1;0,5;;;150,9;655,9;100;;;;215;;906,8;OVDAdmin;2026-02-05 01:44
2025-12-20;15:00;Noon (Position) - Port;;24;0;S;34;34,39;W;58;22,9;ARCMP;ARCMP;202506-7-ARBHI-ARCMP;15798,93;0;0;0;0;;;4,2;3,4;;;150,9;648,3;100;;;;215;1,9;899,2;OVDAdmin;2026-02-05 01:44
2025-12-21;15:00;Noon (Position) - Port;;24;117;S;33;54,17;W;58;53,11;ARCMP;ARCMP;202506-7-ARBHI-ARCMP;15798,93;0;13;0;0;7,9;;4,2;1,3;;;150,9;634,9;100;;;;215;1;885,8;OVDAdmin;2026-02-05 01:44
2025-12-22;15:00;Noon (Position) - Port;;24;0;S;33;54,17;W;58;53,11;ARCMP;ARCMP;202506-7-ARBHI-ARCMP;15798,93;0;0;0;0;;;3,7;2,4;;;150,9;628,8;100;;;;215;1,2;879,7;OVDAdmin;2026-02-05 01:44
2025-12-23;15:00;Noon (Position) - Port;;24;80;S;34;9,04;W;58;56,18;ARCMP;ARCMP;202506-7-ARBHI-ARCMP;15798,93;0;9,63;0;0;5,6;;4;2,1;;;150,9;617,1;100;;;;215;1,1;868;OVDAdmin;2026-02-05 01:44
2025-12-24;12:45;Noon (Position) - Port;;21,75;0;S;34;9,03;W;58;56,18;ARCMP;ARCMP;202506-7-ARBHI-ARCMP;15798,93;0;0;0;0;0,5;;3,1;2,9;;;150,9;610,6;100;;;;215;1,7;861,5;OVDAdmin;2026-02-05 01:44
2025-12-24;15:00;Departure;CargoOperations;2,25;20;S;34;16,59;W;58;35,85;ARCMP;ARCMP;202506-7-ARBHI-ARCMP;15798,93;0;2,25;0;0;0,8;;0,4;0,2;;;150,9;609,2;100;;;;215;0,2;860,1;OVDAdmin;2026-02-05 01:44
2025-12-25;08:00;Begin of sea passage;;17;160;S;35;1,18;W;55;54,76;ARCMP;USBTR;202507-1-ARCMP-USBTR;15798,93;0;15,53;1,47;0;12,1;;3,2;1,3;;;150,9;592,6;100;;;;215;1;843,5;OVDAdmin;2026-02-05 01:44
2025-12-25;15:00;Noon (Position) - Sea passage;;7;85;S;34;55,92;W;54;14,9;ARCMP;USBTR;202507-1-ARCMP-USBTR;15798,93;7;0;0;0;7;;;0,7;;;150,9;584,9;100;;;;215;0,7;835,8;OVDAdmin;2026-02-05 01:44
2025-12-26;15:00;Noon (Position) - Sea passage;;24;313;S;31;56,63;W;49;12,22;ARCMP;USBTR;202507-1-ARCMP-USBTR;15798,93;24;0;0;0;23;;;2,6;;;150,9;559,3;100;;;;215;2,6;810,2;OVDAdmin;2026-02-05 01:44
2025-12-27;15:00;Noon (Position) - Sea passage;;24;302;S;28;42,9;W;44;43,22;ARCMP;USBTR;202507-1-ARCMP-USBTR;15798,93;24;0;0;0;23;;0,6;2,9;;;150,9;532,8;100;;;;215;2,9;783,7;OVDAdmin;2026-02-05 01:44
2025-12-28;15:00;Noon (Position) - Sea passage;;24;311;S;25;12,83;W;40;26,83;ARCMP;USBTR;202507-1-ARCMP-USBTR;15798,93;24;0;0;0;22,9;;0,6;3,2;;;150,9;506,1;100;;;;215;3,2;757;OVDAdmin;2026-02-05 01:44
2025-12-29;15:00;Noon (Position) - Sea passage;;24;312;S;20;52,44;W;37;22,98;ARCMP;USBTR;202507-1-ARCMP-USBTR;15798,93;24;0;0;0;22,6;;0,7;2,2;;;150,9;480,6;100;;;;215;2,2;731,5;OVDAdmin;2026-02-05 01:44
2025-12-30;16:00;Noon (Position) - Sea passage;;25;323;S;15;36,61;W;36;5;ARCMP;USBTR;202507-1-ARCMP-USBTR;15798,93;25;0;0;0;23,4;;1,1;1,2;;;150,9;454,9;100;;;;215;1,2;705,8;OVDAdmin;2026-02-05 01:44
