Date_UTC;Time_UTC;Event;Purposes_Of_Call;Time_Since_Previous_Report;Distance;Latitude_North_South;Latitude_Degree;Latitude_Minutes;Longitude_East_West;Longitude_Degree;Longitude_Minutes;Voyage_From;Voyage_To;Voyage_Number;Cargo_Mt;Time_Elapsed_Sailing;Time_Elapsed_Maneuvering;Time_Elapsed_Anchoring;Time_Elapsed_Drifting;ME_Consumption_HFO;ME_Consumption_LFO;ME_Consumption_MGO;AE_Consumption_HFO;AE_Consumption_LFO;AE_Consumption_MGO;Boiler_Consumption_HFO;Boiler_Consumption_LFO;Boiler_Consumption_MGO;Inert_gas_Consumption_MGO;ME_Consumption;ME_Consumption_BDN_2;AE_Consumption;Boiler_Consumption;Incinerator_Consumption;AE_Consumption_BDN_2;Boiler_Consumption_BDN_2;AE_Consumption_BDN_3;Boiler_Consumption_BDN_3;BDN_ROB;BDN_2_ROB;BDN_3_ROB;BDN_4_ROB;BDN_5_ROB;Cargo_heating_Consumption_HFO;Cargo_heating_Consumption_LFO;Cargo_heating_Consumption_MGO;Discharge_Pump_Work;Discharge_Pump_SFOC;Discharge_Pump_Fuel_Type;DPP_Cargo_Pump_Consumption_MDO;Cargo_Heating_Consumption_BDN;ROB_Fuel_Total;Incinerator_Consumption_BDN_2;Source_System;Last_Updated
2025-01-01;17:00;Noon (Position) - Sea passage;;23;311;N;23;52,7;W;81;6,48;P060;P049;VG140;33423,47;23;0;0;0;;;;;;;;;;;18,7;;;;;;;;;41,9;597,2;249,63;;;;;;;215;;;;888,73;;OVDAdmin;2026-03-18 21:44
2025-01-02;17:00;Noon (Position) - Sea passage;;24;323;N;27;41,82;W;78;25,71;P060;P049;VG140;33423,47;24;0;0;0;;;;;;;;;;;19,5;;;;;;;;;41,9;577,7;249,63;;;;;;;215;;;;869,23;;OVDAdmin;2026-03-18 21:44
2025-01-03;16:00;Noon (Position) - Sea passage;;23;285;N;28;35,46;W;72;58,29;P060;P049;VG140;33423,47;23;0;0;0;;;;;;;;;;;18,4;;;;;;;;;41,9;559,3;249,63;;;;;;;215;;;;850,83;;OVDAdmin;2026-03-18 21:44
2025-01-04;16:00;Noon (Position) - Sea passage;;24;293;N;29;16,06;W;67;34,16;P060;P049;VG140;33423,47;24;0;0;0;;;;;;;;;;;20,8;;;;;;;;;41,9;538,5;249,63;;;;;;;215;;;;830,03;;OVDAdmin;2026-03-18 21:44
2025-01-05;15:00;Noon (Position) - Sea passage;;23;263;N;29;18,27;W;62;35,39;P060;P049;VG140;33423,47;23;0;0;0;;;;;;;;;;;18,7;;;;;;;;;41,9;519,8;249,63;;;;;;;215;;;;811,33;;OVDAdmin;2026-03-18 21:44
2025-01-06;15:00;Noon (Position) - Sea passage;;24;285;N;29;18,52;W;57;6,97;P060;P049;VG140;33423,47;24;0;0;0;;;;;;;;;;;20,72;;;;;;;;;41,9;499,08;249,63;;;;;;;215;;;;790,61;;OVDAdmin;2026-03-18 21:44
2025-01-07;14:00;Noon (Position) - Sea passage;;23;272;N;29;19,2;W;52;0,6;P060;P049;VG140;33423,47;23;0;0;0;;;;;;;;;;;18,85;;;;;;;;;41,9;480,23;249,63;;;;;;;215;;;;771,76;;OVDAdmin;2026-03-18 21:44
2025-01-08;14:00;Noon (Position) - Sea passage;;24;290;N;29;19,92;W;46;25,72;P060;P049;VG140;33423,47;24;0;0;0;;;;;;;;;;;19,33;;0,3;;;;;;;41,9;460,6;249,63;;;;;;;215;;;;752,13;;OVDAdmin;2026-03-18 21:44
2025-01-09;13:00;Noon (Position) - Sea passage;;23;280;N;29;23,19;W;41;12,8;P060;P049;VG140;33423,47;23;0;0;0;;;;;;;;;;;19,73;;0,1;;;;;;;41,9;440,77;249,63;;;;;;;215;;;;732,3;;OVDAdmin;2026-03-18 21:44
2025-01-10;13:00;Noon (Position) - Sea passage;;24;289;N;32;16,9;W;36;38,3;P060;P049;VG140;33423,47;24;0;0;0;;;;;;;;;;;20,56;;;;;;;;;41,9;420,21;249,63;;;;;;;215;;;;711,74;;OVDAdmin;2026-03-18 21:44
2025-01-11;12:00;Noon (Position) - Sea passage;;23;269;N;34;25,13;W;32;6,29;P060;P049;VG140;33423,47;23;0;0;0;;;;;;;;;;;20,65;;;;0,1;;;;;41,8;399,56;249,63;;;;;;;215;;;;690,99;;OVDAdmin;2026-03-18 21:44
2025-01-12;12:00;Noon (Position) - Sea passage;;24;277;N;37;10,61;W;27;31,97;P060;P049;VG140;33423,47;24;0;0;0;;;;;;;;;;;20,04;;;;;;;;;41,8;379,52;249,63;;;;;;;215;;;;670,95;;OVDAdmin;2026-03-18 21:44
2025-01-13;11:00;Noon (Position) - Sea passage;;23;226;N;39;22,15;W;23;58,28;P060;P049;VG140;33423,47;23;0;0;0;;;;;;;;;;;12,13;;1,27;0,65;;;;;;41,8;365,47;249,63;;;;;;;215;;;0,3;656,9;;OVDAdmin;2026-03-18 21:44
2025-01-14;11:00;Noon (Position) - Sea passage;;24;295;N;42;23,61;W;18;50,72;P060;P049;VG140;33423,47;24;0;0;0;;;;;;;;;;;18,71;;2,15;;;;;;;41,8;344,61;249,63;;;;;;;215;;;;636,04;;OVDAdmin;2026-03-18 21:44
2025-01-15;11:00;Noon (Position) - Sea passage;;24;301;N;45;30,85;W;13;19,42;P060;P049;VG140;33423,47;24;0;0;0;;;;;;;;;;;20,52;;0,45;;;;;;;41,8;323,64;249,63;;;;;;;215;;;;615,07;;OVDAdmin;2026-03-18 21:44
2025-01-16;11:00;Noon (Position) - Sea passage;;24;303;N;48;36,96;W;7;30,2;P060;P049;VG140;33423,47;24;0;0;0;;;;;;;;;;;21,4;;;;;;;;;41,8;302,24;249,63;;;;;;;215;;;;593,67;;OVDAdmin;2026-03-18 21:44
2025-01-17;11:00;Noon (Position) - Sea passage;;24;304;N;50;16,88;W;0;12,39;P060;P049;VG140;33423,47;24;0;0;0;;;;;;;;;;;4,27;15,63;2,15;;;;;;;24,02;297,97;249,63;;;;;;;215;;;;571,62;;OVDAdmin;2026-03-18 21:44
2025-01-17;22:42;End of sea passage;;11,7;129;N;51;22,22;E;2;32,08;P060;P049;VG140;33423,47;11,7;0;0;0;;;;;;;;;;;8,06;;1;;;;;;;14,96;297,97;249,63;;;;;;;215;;;;562,56;;OVDAdmin;2026-03-18 21:44
2025-01-18;08:15;Arrival;;9,55;75,72;N;51;15,66;E;4;15,33;P060;P049;VG140;33423,47;0;9,55;0;0;;;;;;;;;;;2,69;;0,85;;;;;;;11,42;297,97;249,63;;;;;;;215;;;;559,02;;OVDAdmin;2026-03-18 21:44
2025-01-18;11:00;Noon (Position) - Port;;2,75;0;N;51;15,66;E;4;15,33;P049;P049;VG140;10157,63;0;0;0;0;;;;;;;;;;;;;0,3;0,3;;;;;;10,82;297,97;249,63;;;;;;;215;;;;558,42;;OVDAdmin;2026-03-18 21:44
2025-01-19;11:00;Noon (Position) - Port;;24;0;N;51;15,66;E;4;15,33;P049;P049;VG140;10157,63;0;0;0;0;;;;;;;;;;;;;6,59;2,49;;;;;;1,74;297,97;249,63;;;;;;5488;215;;;1,49;549,34;;OVDAdmin;2026-03-18 21:44
2025-01-20;11:00;Noon (Position) - Port;;24;0,41;N;51;15,63;E;4;15,45;P049;P049;VG140;10157,63;0;0,67;0;0;;;;;;;;;;;0,2;;1,54;;;5,38;2,1;;;0;297,97;242,15;;;;;;2886,345;215;;;1,1;540,12;;OVDAdmin;2026-03-18 21:44
2025-01-21;11:00;Noon (Position) - Port;;24;0;N;51;15,63;E;4;15,45;P049;P049;VG140;10157,63;0;0;0;0;;;;;;;;;;;;;4,24;4,5;;;;;;297,97;233,41;;;;;;;1715;215;;;1,5;531,38;;OVDAdmin;2026-03-18 21:44
2025-01-22;11:00;Noon (Position) - Port;;24;0;N;51;15,63;E;4;15,45;P049;P049;VG140;10157,63;0;0;0;0;;;;;;;;;;;;;3,4;2,71;;;;;;297,97;227,3;;;;;;;;215;;;1,71;525,27;;OVDAdmin;2026-03-18 21:44
2025-01-23;11:00;Noon (Position) - Port;;24;0;N;51;15,63;E;4;15,45;P049;P049;VG140;10157,63;0;0;0;0;;;;;;;;;;;;;3,53;2,27;;;;;;297,97;221,5;;;;;;;;215;;;1,27;519,47;;OVDAdmin;2026-03-18 21:44
2025-01-24;11:00;Noon (Position) - Port;;24;0;N;51;15,63;E;4;15,45;P049;P049;VG140;10157,63;0;0;0;0;;;;;;;;;;;;;3,9;2,19;;;;;;297,97;215,41;;;;;;;;215;;;1,19;513,38;;OVDAdmin;2026-03-18 21:44
2025-01-25;11:00;Noon (Position) - Port;;24;8,74;N;51;18,89;E;4;18,39;P049;P049;VG140;10157,63;0;5,92;0;0;;;;;;;;;;;3,63;;4,62;2,1;;;;;;297,97;205,06;;;;;;;2543,345;215;;;1,1;503,03;;OVDAdmin;2026-03-18 21:44
2025-01-26;11:00;Noon (Position) - Port;;24;6,4;N;51;14,91;E;4;23,06;P049;P049;VG140;10157,63;0;1,5;0;0;;;;;;;;;;;1,97;;4,32;1,31;;;;;;297,97;197,46;;;;;;;2344,405;215;;;0,31;495,43;;OVDAdmin;2026-03-18 21:44
2025-01-27;11:00;Noon (Position) - Port;;24;1,04;N;51;14,89;E;4;21,42;P049;P049;VG140;10157,63;0;0,7;0;0;;;;;;;;;;;0,7;;3,45;3,06;;;;;;297,97;190,25;;;;;;;2328,97;215;;;2,06;488,22;;OVDAdmin;2026-03-18 21:44
2025-01-28;11:00;Noon (Position) - Port;;24;36;N;51;20,67;E;3;45,6;P049;P049;VG140;10157,63;0;6,4;0;0;;;;;;;;;;;3,9;;4,9;1,82;;;;;;297,97;179,63;;;;;;;;215;;;0,92;477,6;;OVDAdmin;2026-03-18 21:44
2025-01-29;11:00;Noon (Position) - Port;;24;0;N;51;20,67;E;3;45,6;P049;P049;VG140;10157,63;0;0;0;0;;;;;;;;;;;;;3,15;1,2;;;;;;297,97;175,28;;;;;;;2114,595;215;;;0,3;473,25;;OVDAdmin;2026-03-18 21:44
2025-01-29;12:18;Departure;CargoOperations;1,3;0;N;51;20,67;E;3;45,6;P049;P049;VG140;10157,63;0;0;0;0;;;;;;;;;;;;;0,1;;;;;;;297,97;175,18;;;;;;;;215;;;;473,15;;OVDAdmin;2026-03-18 21:44
2025-01-29;16:06;Begin of sea passage;;3,8;43,68;N;51;22,37;E;2;45,45;P049;P003;VG141;10157,63;0;3,8;0;0;;;;;;;;;;;2,9;;0,5;0,1;;;;;;297,97;171,68;;;;;;;;215;;;0,1;469,65;;OVDAdmin;2026-03-18 21:44
2025-01-30;08:00;End of sea passage;;15,9;134;N;51;56,15;E;3;29,26;P049;P003;VG141;10157,63;15,9;0;0;0;;;;;;;;;;;4,93;;1,12;0,6;;;;;;297,97;165,03;;;;;;;;215;;;0,3;463;;OVDAdmin;2026-03-18 21:44
2025-01-30;11:00;Noon (Position) - Sea passage;;3;28;N;51;55,63;E;4;13,44;P049;P003;VG141;10157,63;0;3;0;0;;;;;;;;;;;0,87;;0,2;;;;;;;297,97;163,96;;;;;;;;215;;;;461,93;;OVDAdmin;2026-03-18 21:44
2025-01-30;12:30;Arrival;;1,5;3,5;N;51;52,9;E;4;16,32;P049;P003;VG141;10157,63;0;1,5;0;0;;;;;;;;;;;0,25;;0,1;;;;;;;297,97;163,61;;;;;;;;215;;;;461,58;;OVDAdmin;2026-03-18 21:44
2025-01-31;11:00;Noon (Position) - Port;;22,5;0;N;51;52,9;E;4;16,32;P003;P003;VG141;8373,82;0;0;0;0;;;;;;;;;;;;;2,95;1,53;;;;;;297,97;159,13;199,89;719,52;;;;;;215;;;0,73;1376,51;;OVDAdmin;2026-03-18 21:44
2025-02-01;11:00;Noon (Position) - Port;;24;21;N;51;57,76;E;4;1,98;P003;P003;VG141;8373,82;0;3,3;0;0;;;;;;;;;;;1,41;;3,25;1,92;;;;;;297,97;152,55;199,89;719,52;;;;;313,845;215;;;1,02;1369,93;;OVDAdmin;2026-03-18 21:44
2025-02-02;11:00;Noon (Position) - Port;;24;0;N;51;57,76;E;4;1,98;P003;P003;VG141;8373,82;0;0;0;0;;;;;;;;;;;;;2,76;2,19;;;;;;297,97;147,6;199,89;719,52;;;;;2032,275;215;;;1,29;1364,98;;OVDAdmin;2026-03-18 21:44
2025-02-03;11:00;Noon (Position) - Port;;24;20;N;51;53,11;E;4;18,6;P003;P003;VG141;8373,82;0;3,2;0;0;;;;;;;;;;;2,59;;3,68;2,36;;;;;;297,97;138,97;199,89;719,52;;;;;85,75;215;;;1,46;1356,35;;OVDAdmin;2026-03-18 21:44
2025-02-04;11:00;Noon (Position) - Port;;24;0;N;51;53,11;E;4;18,6;P003;P003;VG141;8373,82;0;0;0;0;;;;;;;;;;;;;2,88;2,8;;;;;;297,97;133,29;199,89;719,52;;;;;2015,125;215;;;1,9;1350,67;;OVDAdmin;2026-03-18 21:44
2025-02-04;18:42;Departure;CargoOperations;7,7;0;N;51;53,11;E;4;18,6;P003;P003;VG141;8373,82;0;0;0;0;;;;;;;;;;;;;1,05;0,6;;;;;;297,97;131,64;199,89;719,52;;;;;;215;;;;1349,02;;OVDAdmin;2026-03-18 21:44
2025-02-04;20:54;Begin of sea passage;;2,2;25;N;52;3,26;E;3;52,88;P003;P060;VG142;8373,82;0;2,2;0;0;;;;;;;;;;;1,47;;0,65;0,1;;;;;;297,97;129,42;199,89;719,52;;;;;;215;;;;1346,8;;OVDAdmin;2026-03-18 21:44
2025-02-05;11:00;Noon (Position) - Sea passage;;14,1;193;N;50;26,18;W;0;19,45;P003;P060;VG142;8373,82;14,1;0;0;0;;;;;;;;;;;13,8;;1,1;;;;;;;297,97;114,52;199,89;719,52;;;;;;215;;;;1331,9;;OVDAdmin;2026-03-18 21:44
2025-02-06;12:00;Noon (Position) - Sea passage;;25;305;N;48;27,4;W;7;17,3;P003;P060;VG142;8373,82;25;0;0;0;;;;;;;;;;;15,2;6,75;0,61;0,44;;1,49;;;;290,17;97,83;199,89;719,52;;;;;;215;;;;1307,41;;OVDAdmin;2026-03-18 21:44
2025-02-07;12:00;Noon (Position) - Sea passage;;24;313;N;45;3,89;W;12;57,53;P003;P060;VG142;8373,82;24;0;0;0;;;;;;;;;;;21,36;;2,28;2,06;;;;;;264,47;97,83;199,89;719,52;;;;;;215;;;;1281,71;;OVDAdmin;2026-03-18 21:44
2025-02-08;13:00;Noon (Position) - Sea passage;;25;319;N;41;15,31;W;17;57,53;P003;P060;VG142;8373,82;25;0;0;0;;;;;;;;;;;23,33;;1,05;2,15;;;;;;237,94;97,83;199,89;719,52;;;;;;215;;;;1255,18;;OVDAdmin;2026-03-18 21:44
2025-02-09;14:00;Noon (Position) - Sea passage;;25;276;N;37;54,93;W;22;4,57;P003;P060;VG142;8373,82;25;0;0;0;;;;;;;;;;;24,06;;0,35;0,84;;;;;;212,69;97,83;199,89;719,52;;;;;;215;;;;1229,93;;OVDAdmin;2026-03-18 21:44
2025-02-10;14:00;Noon (Position) - Sea passage;;24;275;N;35;14,4;W;26;42,1;P003;P060;VG142;8373,82;24;0;0;0;;;;;;;;;;;21,31;;3,52;0,65;;;;;;187,21;97,83;199,89;719,52;;;;;;215;;;;1204,45;;OVDAdmin;2026-03-18 21:44
2025-02-11;14:00;Noon (Position) - Sea passage;;24;338;N;32;17,02;W;31;54,44;P003;P060;VG142;8373,82;24;0;0;0;;;;;;;;;;;21,54;;2,36;0,75;;;;;;162,56;97,83;199,89;719,52;;;;;;215;;;;1179,8;;OVDAdmin;2026-03-18 21:44
2025-02-12;15:00;Noon (Position) - Sea passage;;25;310;N;31;15,6;W;37;50,8;P003;P060;VG142;8373,82;25;0;0;0;;;;;;;;;;;23,35;;0,6;0,56;;;;;;138,05;97,83;199,89;719,52;;;;;;215;;;;1155,29;;OVDAdmin;2026-03-18 21:44
2025-02-13;15:00;Noon (Position) - Sea passage;;24;308;N;30;8,4;W;43;38,23;P003;P060;VG142;8373,82;24;0;0;0;;;;;;;;;;;23,03;;;;;;;;;115,02;97,83;199,89;719,52;;;;;;215;;;;1132,26;;OVDAdmin;2026-03-18 21:44
2025-02-14;16:00;Noon (Position) - Sea passage;;25;327;N;28;55,06;W;49;43,37;P003;P060;VG142;8373,82;25;0;0;0;;;;;;;;;;;23,54;;0,45;;;;;;;91,03;97,83;199,89;719,52;;;;;;215;;;;1108,27;;OVDAdmin;2026-03-18 21:44
2025-02-15;16:00;Noon (Position) - Sea passage;;24;315;N;27;45,58;W;55;30,22;P003;P060;VG142;8373,82;24;0;0;0;;;;;;;;;;;23,16;;0,5;;;;;;;67,37;97,83;199,89;719,52;;;;;;215;;;;1084,61;;OVDAdmin;2026-03-18 21:44
2025-02-16;17:00;Noon (Position) - Sea passage;;25;333;N;27;17,2;W;61;43,82;P003;P060;VG142;8373,82;25;0;0;0;;;;;;;;;;;23,78;;0,3;;;;;;;43,29;97,83;199,89;719,52;;;;;;215;;;;1060,53;;OVDAdmin;2026-03-18 21:44
2025-02-17;17:00;Noon (Position) - Sea passage;;24;309;N;26;47,42;W;67;28,62;P003;P060;VG142;8373,82;24;0;0;0;;;;;;;;;;;23,09;;;;;;;;;20,2;97,83;199,89;719,52;;;;;;215;;;;1037,44;;OVDAdmin;2026-03-18 21:44
2025-02-18;18:00;Noon (Position) - Sea passage;;25;317;N;26;12,67;W;73;9,08;P003;P060;VG142;8373,82;25;0;0;0;;;;;;;;;;;20,2;4,61;0,15;;;;;;;0;97,83;199,89;714,76;;;;;;215;;;;1012,48;;OVDAdmin;2026-03-18 21:44
2025-02-19;18:00;Noon (Position) - Sea passage;;24;314;N;26;11,59;W;78;47,84;P003;P060;VG142;8373,82;24;0;0;0;;;;;;;;;;;23,89;;0,32;;;;;;;97,83;199,89;690,55;;;;;;;215;;;;988,27;;OVDAdmin;2026-03-18 21:44
2025-02-20;18:00;Noon (Position) - Sea passage;;24;287;N;23;26,84;W;82;19,15;P003;P060;VG142;8373,82;24;0;0;0;;;;;;;;;;;23,65;;0,45;;;;;;;97,83;199,89;666,45;;;;;;;215;;;;964,17;;OVDAdmin;2026-03-18 21:44
2025-02-21;18:00;Noon (Position) - Sea passage;;24;296;N;24;42,21;W;87;23,27;P003;P060;VG142;8373,82;24;0;0;0;;;;;;;;;;;23,22;;0,88;;;;;;;97,83;199,89;642,35;;;;;;;215;;;;940,07;;OVDAdmin;2026-03-18 21:44
2025-02-22;18:00;Noon (Position) - Sea passage;;24;327;N;27;37,08;W;92;19,52;P003;P060;VG142;8373,82;24;0;0;0;;;;;;;;;;;8,13;13,99;1,73;0,1;;;;;;82,01;199,89;634,22;;;;;;;215;;;;916,12;;OVDAdmin;2026-03-18 21:44
2025-02-23;05:12;End of sea passage;;11,2;147;N;29;11,45;W;94;26,42;P003;P060;VG142;8373,82;11,2;0;0;0;;;;;;;;;;;9,43;;1,2;;;;;;;71,38;199,89;634,22;;;;;;;215;;;;905,49;;OVDAdmin;2026-03-18 21:44
2025-02-23;11:00;Arrival;;5,8;55;N;29;44,25;W;95;7,72;P003;P060;VG142;8373,82;0;5,8;0;0;;;;;;;;;;;3,6;;0,2;;;;;;;67,58;199,89;634,22;;;;;;;215;;;;901,69;;OVDAdmin;2026-03-18 21:44
2025-02-23;18:00;Noon (Position) - Port;;7;0;N;29;44,25;W;95;7,72;P060;P060;VG142;20612,73;0;0;0;0;;;;;;;;;;;;;1,2;0,3;;;;;;66,08;199,89;634,22;;;;;;;215;;;;900,19;;OVDAdmin;2026-03-18 21:44
2025-02-24;18:00;Noon (Position) - Port;;24;0;N;29;44,25;W;95;7,72;P060;P060;VG142;20612,73;0;0;0;0;;;;;;;;;;;;;2,85;1;;;;;;62,23;199,89;634,22;;;;;;4086,845;215;;;;896,34;;OVDAdmin;2026-03-18 21:44
2025-02-25;18:00;Noon (Position) - Port;;24;4,59;N;29;45,03;W;95;3,89;P060;P060;VG142;20612,73;0;0,87;0;0;;;;;;;;;;;0,4;;3,5;1;;;;;;57,33;199,89;634,22;;;;;;2716,56;215;;;;891,44;;OVDAdmin;2026-03-18 21:44
2025-02-26;18:00;Noon (Position) - Port;;24;210;N;29;16,23;W;94;29,39;P060;P060;VG142;20612,73;0;21,5;0;0;;;;;;;;;;;10,6;;4,7;0,8;;;;;;41,23;199,89;634,22;;;;;;;215;;;;875,34;;OVDAdmin;2026-03-18 21:44
2025-02-27;18:00;Noon (Position) - Port;;24;0;N;29;17,22;W;94;31,82;P060;P060;VG142;20612,73;0;1,25;0;0;;;;;;;;;;;1,19;;2,72;1;;;;;;36,32;199,89;634,22;;;;;;;215;;;;870,43;;OVDAdmin;2026-03-18 21:44
2025-02-28;18:00;Noon (Position) - Port;;24;62;N;29;43,46;W;95;14,02;P060;P060;VG142;20612,73;0;6,95;0;0;;;;;;;;;;;4,59;;3,34;0,9;;;;;;27,49;199,89;634,22;;;;;;1450,89;215;;;;861,6;;OVDAdmin;2026-03-18 21:44
2025-03-01;18:00;Noon (Position) - Port;;24;88;N;29;36,52;W;95;1,13;P060;P060;VG142;20612,73;0;10,5;0;0;;;;;;;;;;;6,65;;3,76;0,78;;;;;;16,3;199,89;634,22;;;;;;;215;;;;850,41;;OVDAdmin;2026-03-18 21:44
2025-03-02;18:00;Noon (Position) - Port;;24;33;N;29;22,67;W;94;53,54;P060;P060;VG142;20612,73;0;4,77;0;0;;;;;;;;;;;3,15;;2,39;0,8;;;;;;9,96;199,89;634,22;;;;;;1972,25;215;;;;844,07;;OVDAdmin;2026-03-18 21:44
2025-03-03;18:00;Noon (Position) - Port;;24;33,87;N;29;19,6;W;94;34,2;P060;P060;VG142;20612,73;0;2,93;0;0;;;;;;;;;;;2,28;;3,54;1,47;;;;;;2,67;199,89;634,22;;;;;;;215;;;;836,78;;OVDAdmin;2026-03-18 21:44
2025-03-04;18:00;Noon (Position) - Port;;24;21;N;29;21,7;W;94;55;P060;P060;VG142;20612,73;0;2,75;0;0;;;;;;;;;;;2,32;;0,35;;;4,59;1;;;0;194,3;634,22;;;;;;;215;;;;828,52;;OVDAdmin;2026-03-18 21:44
2025-03-05;18:00;Noon (Position) - Port;;24;41;N;29;44,84;W;95;5,88;P060;P060;VG142;20612,73;0;5,43;0;0;;;;;;;;;;;3,09;;4,76;0,5;;;;;;185,95;634,22;;;;;;;;215;;;;820,17;;OVDAdmin;2026-03-18 21:44
2025-03-06;18:00;Noon (Position) - Port;;24;0;N;29;44,84;W;95;5,88;P060;P060;VG142;20612,73;0;0;0;0;;;;;;;;;;;;;3,48;1;;;;;;181,47;634,22;;;;;;;;215;;;;815,69;;OVDAdmin;2026-03-18 21:44
2025-03-07;18:00;Noon (Position) - Port;;24;45;N;29;17,85;W;94;33,36;P060;P060;VG142;20612,73;0;4,67;0;0;;;;;;;;;;;3,11;;3,27;0,86;;;;;;174,23;634,22;;;;;;;;215;;;;808,45;;OVDAdmin;2026-03-18 21:44
2025-03-08;18:00;Noon (Position) - Port;;24;45;N;29;44,6;W;95;5,89;P060;P060;VG142;20612,73;0;5,5;0;0;;;;;;;;;;;4,79;;4,07;1;;;;;;164,37;634,22;;;;;;;;215;;;;798,59;;OVDAdmin;2026-03-18 21:44
2025-03-09;17:00;Noon (Position) - Port;;23;33;N;29;20,98;W;94;46,47;P060;P060;VG142;20612,73;0;3,48;0;0;;;;;;;;;;;3,95;;2,86;1;;;;;;156,56;634,22;;;;;;;;215;;;;790,78;;OVDAdmin;2026-03-18 21:44
2025-03-10;17:00;Noon (Position) - Port;;24;32;N;29;44,98;W;95;5,75;P060;P060;VG142;20612,73;0;3,93;0;0;;;;;;;;;;;2,54;;3,75;1;;;;;;149,27;634,22;200,3;;;;;;;215;;;;983,79;;OVDAdmin;2026-03-18 21:44
2025-03-11;17:00;Noon (Position) - Port;;24;59;N;29;11,47;W;94;27,21;P060;P060;VG142;20612,73;0;6,92;0;0;;;;;;;;;;;3,49;;3,66;0,86;;;;;;141,26;634,22;200,3;;;;;;;215;;;;975,78;;OVDAdmin;2026-03-18 21:44
2025-03-12;17:00;Noon (Position) - Port;;24;47;N;29;43,37;W;95;1,19;P060;P060;VG142;20612,73;0;5,5;0;0;;;;;;;;;;;4,48;;3,93;1;;;;;;131,85;634,22;200,3;;;;;;;215;;;;966,37;;OVDAdmin;2026-03-18 21:44
2025-03-13;17:00;Noon (Position) - Port;;24;0;N;29;43,37;W;95;1,19;P060;P060;VG142;20612,73;0;0;0;0;;;;;;;;;;;;;3,4;1;;;;;;127,45;634,22;200,3;;;;;;;215;;;;961,97;;OVDAdmin;2026-03-18 21:44
2025-03-14;15:30;Noon (Position) - Port;;22,5;0;N;29;43,37;W;95;1,19;P060;P060;VG142;20612,73;0;0;0;0;;;;;;;;;;;;;3,3;0,9;;;;;;123,25;634,22;200,3;;;;;;;215;;;;957,77;;OVDAdmin;2026-03-18 21:44
2025-03-14;17:00;Departure;CargoOperations;1,5;12;N;29;33,72;W;94;55,09;P060;P060;VG142;20612,73;0;1,5;0;0;;;;;;;;;;;1,1;;0,6;;;;;;;121,55;634,22;200,3;;;;;;;215;;;;956,07;;OVDAdmin;2026-03-18 21:44
2025-03-14;19:36;Begin of sea passage;;2,6;26;N;29;16,86;W;94;35,63;P060;P059;VG097;20612,73;0;2,6;0;0;;;;;;;;;;;2,45;;1,33;;;;;;;117,77;634,22;200,3;;;;;;;215;;;;952,29;;OVDAdmin;2026-03-18 21:44
2025-03-15;00:00;End of sea passage;;4,4;52;N;28;46,26;W;95;6,4;P060;P059;VG097;20612,73;4,4;0;0;0;;;;;;;;;;;4,48;;2,74;0,89;;;;;;109,66;634,22;200,3;;;;;;;215;;;;944,18;;OVDAdmin;2026-03-18 21:44
2025-03-15;17:00;Noon (Position) - Sea passage;;17;6;N;28;52,11;W;95;9,18;P060;P059;VG097;20612,73;0;1,17;15,83;0;;;;;;;;;;;1,7;;1,63;0,78;;;;;;105,55;634,22;200,3;;;;;;;215;;;;940,07;;OVDAdmin;2026-03-18 21:44
2025-03-16;17:00;Noon (Position) - Sea passage;;24;0;N;28;52,22;W;95;9,15;P060;P059;VG097;20612,73;0;0;24;0;;;;;;;;;;;;;2,56;1;;;;;;101,99;634,22;200,3;;;;;;;215;;;;936,51;;OVDAdmin;2026-03-18 21:44
2025-03-17;17:00;Noon (Position) - Sea passage;;24;12;N;28;56,6;W;95;19,03;P060;P059;VG097;20612,73;0;2,1;21,9;0;;;;;;;;;;;0,53;;2,36;1;;;;;;98,1;634,22;200,3;;;;;;;215;;;;932,62;;OVDAdmin;2026-03-18 21:44
2025-03-17;17:15;Arrival;;0,25;0;N;28;56,6;W;95;19,03;P060;P059;VG097;20612,73;0;0,25;0;0;;;;;;;;;;;0,1;;0,1;;;;;;;97,9;634,22;200,3;;;;;;;215;;;;932,42;;OVDAdmin;2026-03-18 21:44
2025-03-18;15:54;Departure;CargoOperations;22,65;0;N;28;56,6;W;95;19,03;P059;P059;VG097;23909,24;0;0;0;0;;;;;;;;;;;;;2,34;0,9;;;;;;94,66;634,22;200,3;;;;;;;215;;;;929,18;;OVDAdmin;2026-03-18 21:44
2025-03-18;16:48;Begin of sea passage;;0,9;7;N;28;53,52;W;95;14,21;P059;P060;VG143;23909,24;0;0,9;0;0;;;;;;;;;;;0,69;;0,35;0,1;;;;;;93,52;634,22;200,3;;;;;;0;215;;;;928,04;;OVDAdmin;2026-03-18 21:44
2025-03-18;17:00;Noon (Position) - Sea passage;;0,2;2;N;28;52,17;W;95;13,05;P059;P060;VG143;23909,24;0,2;0;0;0;;;;;;;;;;;0,1;;0,1;;;;;;;93,32;634,22;200,3;;;;;;0;215;;;;927,84;;OVDAdmin;2026-03-18 21:44
2025-03-19;04:54;End of sea passage;;11,9;131;N;29;12,67;W;94;27,9;P059;P060;VG143;23909,24;11,9;0;0;0;;;;;;;;;;;9,12;;1,55;;;;;;;82,65;634,22;200,3;;;;;;0;215;;;;917,17;;OVDAdmin;2026-03-18 21:44
2025-03-19;10:05;Arrival;;5,18;40;N;29;36,54;W;95;1,19;P059;P060;VG143;23909,24;0;5,18;0;0;;;;;;;;;;;3,64;;0,65;;;;;;;78,36;634,22;200,3;;;;;;0;215;;;;912,88;;OVDAdmin;2026-03-18 21:44
2025-03-19;17:00;Noon (Position) - Port;;6,92;0;N;29;36,54;W;95;1,19;P060;P060;VG143;28568,38;0;0;0;0;;;;;;;;;;;;;1,3;0,68;;;;;;76,38;634,22;200,3;;;;;;0;215;;;;910,9;;OVDAdmin;2026-03-18 21:44
2025-03-20;17:00;Noon (Position) - Port;;24;39;N;29;16,58;W;94;29,93;P060;P060;VG143;28568,38;0;4,47;0;0;;;;;;;;;;;3,63;;3,48;0,95;;;;;;68,32;634,22;200,3;;;;;;0;215;;;;902,84;;OVDAdmin;2026-03-18 21:44
2025-03-21;17:00;Noon (Position) - Port;;24;0;N;29;16,71;W;94;30,16;P060;P060;VG143;28568,38;0;0;0;0;;;;;;;;;;;;;2,13;1;;;;;;65,19;634,22;200,3;;;;;;0;215;;;;899,71;;OVDAdmin;2026-03-18 21:44
2025-03-22;17:00;Noon (Position) - Port;;24;0;N;29;16,72;W;94;30,13;P060;P060;VG143;28568,38;0;0;0;0;;;;;;;;;;;;;2,29;1;;;;;;61,9;634,22;200,3;;;;;;0;215;;;;896,42;;OVDAdmin;2026-03-18 21:44
2025-03-23;17:00;Noon (Position) - Port;;24;0;N;29;16,72;W;94;30,13;P060;P060;VG143;28568,38;0;0;0;0;;;;;;;;;;;;;2,52;1;;;;;;58,38;634,22;200,3;;;;;;0;215;;;;892,9;;OVDAdmin;2026-03-18 21:44
2025-03-24;17:00;Noon (Position) - Port;;24;0;N;29;16,64;W;94;30,17;P060;P060;VG143;28568,38;0;0;0;0;;;;;;;;;;;;;2,25;1;;;;;;55,13;634,22;200,3;;;;;;0;215;;;;889,65;;OVDAdmin;2026-03-18 21:44
2025-03-25;17:00;Noon (Position) - Port;;24;0;N;29;16,54;W;94;30,17;P060;P060;VG143;28568,38;0;0;0;0;;;;;;;;;;;;;2,23;1;;;;;;51,9;634,22;200,3;;;;;;0;215;;;;886,42;;OVDAdmin;2026-03-18 21:44
2025-03-26;17:00;Noon (Position) - Port;;24;0;N;29;16,59;W;94;30,2;P060;P060;VG143;28568,38;0;0;0;0;;;;;;;;;;;;;2,17;1;;;;;;48,73;634,22;200,3;;;;;;0;215;;;;883,25;;OVDAdmin;2026-03-18 21:44
2025-03-27;17:00;Noon (Position) - Port;;24;39;N;29;36,72;W;95;1,59;P060;P060;VG143;28568,38;0;4,5;0;0;;;;;;;;;;;3,83;;3,19;0,87;;;;;;40,84;634,22;200,3;;;;;;0;215;;;;875,36;;OVDAdmin;2026-03-18 21:44
2025-03-28;12:46;Departure;;19,77;0;N;29;36,72;W;95;1,58;P060;P060;VG143;28568,38;0;0;0;0;;;;;;;;;;;;;2,3;0,83;;;;;;37,71;634,22;200,3;;;;;;0;215;;;;872,23;;OVDAdmin;2026-03-18 21:44
2025-03-28;15:54;Begin of sea passage;;3,13;32;N;29;17,45;W;94;36,93;P060;P009;VG144;28568,38;0;3,13;0;0;;;;;;;;;;;3,75;;2,2;;;;;;;31,76;634,22;200,3;;;;;;;215;;;;866,28;;OVDAdmin;2026-03-18 21:44
2025-03-28;17:00;Noon (Position) - Sea passage;;1,1;13;N;29;8,44;W;94;27,32;P060;P009;VG144;28568,38;1,1;0;0;0;;;;;;;;;;;0,34;;0,1;;;;;;;31,32;634,22;200,3;;;;;;;215;;;;865,84;;OVDAdmin;2026-03-18 21:44
2025-03-29;17:00;Noon (Position) - Sea passage;;24;257;N;26;34,23;W;90;48,42;P060;P009;VG144;28568,38;24;0;0;0;;;;;;;;;;;21,8;;2,05;;;;;;;7,47;634,22;200,3;;;;;;;215;;;;841,99;;OVDAdmin;2026-03-18 21:44
2025-03-30;17:00;Noon (Position) - Sea passage;;24;268;N;24;38,95;W;86;26,51;P060;P009;VG144;28568,38;24;0;0;0;;;;;;;;;;;6,75;15,8;0,72;;;0,39;1,21;0,43;0,52;0;1233,64;200,3;;;;;;;215;;;1,73;1632,34;;OVDAdmin;2026-03-20 09:01
2025-03-31;17:00;Noon (Position) - Sea passage;;24;332;N;23;31,18;W;80;37,03;P060;P009;VG144;28568,38;24;0;0;0;;;;;;;;;;;23,2;;0,4;1,7;;;;;;591,52;199,35;;;;;;;;215;;;1,7;790,87;;OVDAdmin;2026-03-18 21:44
2025-04-01;17:00;Noon (Position) - Sea passage;;24;292;N;21;24,12;W;76;9,99;P060;P009;VG144;28568,38;24;0;0;0;;;;;;;;;;;22,52;;0,63;0,4;;;;;;567,97;199,35;;;;;;;;215;;;0,4;767,32;;OVDAdmin;2026-03-18 21:44
2025-04-02;17:00;Noon (Position) - Sea passage;;24;274;N;20;9,67;W;71;19,23;P060;P009;VG144;28568,38;24;0;0;0;;;;;;;;;;;24,09;;;0,69;;;;;;543,19;199,35;;;;;;;;215;;;0,69;742,54;;OVDAdmin;2026-03-18 21:44
2025-04-03;16:00;Noon (Position) - Sea passage;;23;242;N;19;40,01;W;67;8,26;P060;P009;VG144;28568,38;23;0;0;0;;;;;;;;;;;22,27;;0,23;0,73;;;;;;519,96;199,35;;;;;;;;215;;;0,73;719,31;;OVDAdmin;2026-03-18 21:44
2025-04-04;16:00;Noon (Position) - Sea passage;;24;242;N;18;50,55;W;62;59,31;P060;P009;VG144;28568,38;24;0;0;0;;;;;;;;;;;22,87;;0,58;0,91;;;;;;495,6;199,35;;;;;;;;215;;;0,91;694,95;;OVDAdmin;2026-03-18 21:44
2025-04-05;16:00;Noon (Position) - Sea passage;;24;252;N;16;23,8;W;59;27,73;P060;P009;VG144;28568,38;24;0;0;0;;;;;;;;;;;21,35;;1,47;0,63;;;;;;472,15;199,35;;;;;;;;215;;;0,63;671,5;;OVDAdmin;2026-03-18 21:44
2025-04-06;16:00;Noon (Position) - Sea passage;;24;267;N;13;32,19;W;55;59,34;P060;P009;VG144;28568,38;24;0;0;0;;;;;;;;;;;22,39;;0,2;0,54;;;;;;449,02;199,35;;;;;;;;215;;;0,54;648,37;;OVDAdmin;2026-03-18 21:44
2025-04-07;15:00;Noon (Position) - Sea passage;;23;260;N;10;46,63;W;52;36,51;P060;P009;VG144;28568,38;23;0;0;0;;;;;;;;;;;22,25;;0,35;0,54;;;;;;425,88;199,35;;;;;;;;215;;;0,54;625,23;;OVDAdmin;2026-03-18 21:44
2025-04-08;15:00;Noon (Position) - Sea passage;;24;275;N;7;56,31;W;49;2,39;P060;P009;VG144;28568,38;24;0;0;0;;;;;;;;;;;23,13;;1,25;0,36;;;;;;401,14;199,35;;;;;;;;215;;;0,36;600,49;;OVDAdmin;2026-03-18 21:44
2025-04-09;15:00;Noon (Position) - Sea passage;;24;266;N;5;9,18;W;45;23,39;P060;P009;VG144;28568,38;24;0;0;0;;;;;;;;;;;23,59;;0,25;0,27;;;;;;377,03;199,35;;;;;;;;215;;;0,27;576,38;;OVDAdmin;2026-03-18 21:44
2025-04-10;15:00;Noon (Position) - Sea passage;;24;280;N;2;31,16;W;41;53,84;P060;P009;VG144;28568,38;24;0;0;0;;;;;;;;;;;23,14;;1,38;0,27;;;;;;352,24;199,35;;;;;;;;215;;;0,27;551,59;;OVDAdmin;2026-03-18 21:44
2025-04-11;15:00;Noon (Position) - Sea passage;;24;307;S;0;41,94;W;37;40,39;P060;P009;VG144;28568,38;24;0;0;0;;;;;;;;;;;23,24;;1,76;0,18;;;;;;327,06;199,35;;;;;;;;215;;;0,18;526,41;;OVDAdmin;2026-03-18 21:44
2025-04-12;15:00;Noon (Position) - Sea passage;;24;301;S;4;48,71;W;35;4,02;P060;P009;VG144;28568,38;24;0;0;0;;;;;;;;;;;23,51;;2,41;0,18;;;;;;300,96;199,35;;;;;;;;215;;;0,18;500,31;;OVDAdmin;2026-03-18 21:44
2025-04-13;15:00;Noon (Position) - Sea passage;;24;295;S;9;37,43;W;35;16,41;P060;P009;VG144;28568,38;24;0;0;0;;;;;;;;;;;23,77;;2,04;;;;;;;275,15;199,35;;;;;;;;215;;;;474,5;;OVDAdmin;2026-03-18 21:44
2025-04-14;14:00;End of sea passage;;23;285,71;S;13;6,25;W;38;27,38;P060;P009;VG144;28568,38;23;0;0;0;;;;;;;;;;;22,1;;2,76;;;;;;;250,29;199,35;;;;;;;;215;;;;449,64;;OVDAdmin;2026-03-18 21:44
2025-04-14;15:00;Noon (Position) - Sea passage;;1;8;S;13;5,53;W;38;35,67;P060;P009;VG144;28568,38;0;1;0;0;;;;;;;;;;;0,35;;0,15;;;;;;;249,79;199,35;;;;;;;;215;;;;449,14;;OVDAdmin;2026-03-18 21:44
2025-04-15;08:50;Arrival;;17,83;23;S;12;46,97;W;38;30,04;P060;P009;VG144;28568,38;0;3,92;13,92;0;;;;;;;;;;;1,89;;3,7;1,5;;;;;;242,7;199,35;;;;;;;;215;;;0,8;442,05;;OVDAdmin;2026-03-18 21:44
2025-04-15;15:00;Noon (Position) - Port;;6,17;0;S;12;46,97;W;38;30,04;P009;P009;VG144;27125,55;0;0;0;0;;;;;;;;;;;;;1,59;0,36;;;;;;240,75;199,35;;;;;;;;215;;;0,2;440,1;;OVDAdmin;2026-03-18 21:44
2025-04-16;15:00;Noon (Position) - Port;;24;0;S;12;46,97;W;38;30,04;P009;P009;VG144;27125,55;0;0;0;0;;;;;;;;;;;;;3,59;1,62;;;;;;235,54;199,35;;;;;;;3364,83;215;;;0,62;434,89;;OVDAdmin;2026-03-18 21:44
2025-04-16;15:12;Departure;CargoOperations;0,2;0;S;12;46,97;W;38;30,04;P009;P009;VG144;27125,55;0;0;0;0;;;;;;;;;;;;;0,2;;;;;;;235,34;199,35;;;;;;;;215;;;;434,69;;OVDAdmin;2026-03-18 21:44
2025-04-16;17:12;Begin of sea passage;;2;15,6;S;13;1,06;W;38;33,78;P009;P014;VG145;27125,55;0;2;0;0;;;;;;;;;;;1,16;;0,85;0,18;;;;;;233,15;199,35;;;;;;;0;215;;;0,18;432,5;;OVDAdmin;2026-03-18 21:44
2025-04-17;15:00;Noon (Position) - Sea passage;;21,8;276;S;17;27,78;W;37;50,56;P009;P014;VG145;27125,55;21,8;0;0;0;;;;;;;;;;;21,2;;3,38;0,18;;;;;;208,39;199,35;;;;;;;0;215;;;0,18;407,74;;OVDAdmin;2026-03-18 21:44
2025-04-18;15:00;Noon (Position) - Sea passage;;24;297;S;22;14,18;W;39;20,13;P009;P014;VG145;27125,55;24;0;0;0;;;;;;;;;;;22,18;;3,21;0,1;;;;;;182,9;199,35;;;;;;;0;215;;;0,1;382,25;;OVDAdmin;2026-03-18 21:44
2025-04-19;15:00;Noon (Position) - Sea passage;;24;319;S;24;15,21;W;44;22,12;P009;P014;VG145;27125,55;24;0;0;0;;;;;;;;;;;22,33;;2,89;0,89;;;;;;156,79;199,15;;;;;;;0;215;;;0,5;355,94;0,2;OVDAdmin;2026-03-18 21:44
2025-04-20;01:12;End of sea passage;;10,2;122;S;24;4,64;W;46;22,04;P009;P014;VG145;27125,55;10,2;0;0;0;;;;;;;;;;;9,6;;0,75;0,2;;;;;;146,24;199,15;;;;;;;0;215;;;0,2;345,39;;OVDAdmin;2026-03-18 21:44
2025-04-20;02:40;Arrival;;1,47;7;S;23;58,96;W;46;17,22;P009;P014;VG145;27125,55;0;1,47;0;0;;;;;;;;;;;0,73;;0,25;0,1;;;;;;145,16;199,15;;;;;;;0;215;;;;344,31;;OVDAdmin;2026-03-18 21:44
2025-04-20;15:00;Noon (Position) - Port;;12,33;0;S;23;58,96;W;46;17,22;P014;P014;VG145;12568,3;0;0;0;0;;;;;;;;;;;;;2,2;0,83;;;;;;142,13;199,15;;;;;;;2130,03;215;;;;341,28;;OVDAdmin;2026-03-18 21:44
2025-04-21;15:00;Noon (Position) - Port;;24;23;S;24;0,06;W;46;20,07;P014;P014;VG145;12568,3;0;3,4;0;0;;;;;;;;;;;1,53;;4,06;1,44;;;;;;135,1;199,15;;;;;;;2942,94;215;;;0,44;334,25;;OVDAdmin;2026-03-18 21:44
2025-04-22;15:00;Noon (Position) - Port;;24;10;S;23;55,16;W;46;21,63;P014;P014;VG145;12568,3;0;1,83;0;0;;;;;;;;;;;1,25;;4,64;1,44;;;;;;127,77;199,15;749,3;;;;;;3159,03;215;;;0,44;1076,22;;OVDAdmin;2026-03-18 21:44
2025-04-23;15:00;Noon (Position) - Port;;24;0;S;23;55,16;W;46;21,63;P014;P014;VG145;12568,3;0;0;0;0;;;;;;;;;;;;;5,32;1,89;;;;;;120,56;199,15;749,3;;;;;;6372,94;215;;;0,89;1069,01;;OVDAdmin;2026-03-18 21:44
2025-04-24;15:00;Noon (Position) - Port;;24;0;S;23;55,16;W;46;21,63;P014;P014;VG145;12568,3;0;0;0;0;;;;;;;;;;;;;4,93;2,25;;;;;;113,38;199,15;749,3;;;;;;6589,03;215;;;;1061,83;;OVDAdmin;2026-03-18 21:44
2025-04-25;15:00;Noon (Position) - Port;;24;0;S;23;55,16;W;46;21,63;P014;P014;VG145;12568,3;0;0;0;0;;;;;;;;;;;;;3,16;2,16;;;;;;108,06;199,15;749,3;;;;;;1915,655;215;;;1,16;1056,51;;OVDAdmin;2026-03-18 21:44
2025-04-26;15:00;Noon (Position) - Port;;24;37;S;23;55,53;W;46;19,7;P014;P014;VG145;12568,3;0;5,17;0;0;;;;;;;;;;;5,75;;4,86;1,62;;;;;;95,83;199,15;749,3;;;;;;27,44;215;;;0,62;1044,28;;OVDAdmin;2026-03-18 21:44
2025-04-27;15:00;Noon (Position) - Port;;24;0;S;23;55,54;W;46;19,7;P014;P014;VG145;12568,3;0;0;0;0;;;;;;;;;;;;;2,81;2,07;;;;;;90,95;199,15;749,3;;;;;;4073,125;215;;;1,07;1039,4;;OVDAdmin;2026-03-18 21:44
2025-04-28;00:08;Departure;;9,13;0;S;23;55,54;W;46;19,7;P014;P014;VG145;12568,3;0;0;0;0;;;;;;;;;;;;;1,06;0,8;;;;;;89,09;199,15;749,3;;;;;;1372;215;;;0,5;1037,54;;OVDAdmin;2026-03-18 21:44
2025-04-28;01:18;Begin of sea passage;;1,17;9,5;S;24;0,8;W;46;20,43;P014;P013;VG146;12568,3;0;1,17;0;0;;;;;;;;;;;1,2;;0,8;0,2;;;;;;86,89;199,15;749,3;;;;;;0;215;;;0,2;1035,34;;OVDAdmin;2026-03-18 21:44
2025-04-28;15:00;Noon (Position) - Sea passage;;13,7;170;S;23;40,09;W;44;0,35;P014;P013;VG146;12568,3;13,7;0;0;0;;;;;;;;;;;11,91;;1,56;0,18;;;;;;73,74;199,15;749,3;;;;;;0;215;;;0,18;1022,19;;OVDAdmin;2026-03-18 21:44
2025-04-28;19:18;End of sea passage;;4,3;56;S;23;4,34;W;43;13,91;P014;P013;VG146;12568,3;4,3;0;0;0;;;;;;;;;;;4,28;;0,95;0,72;;;;;;67,79;199,15;749,3;;;;;;0;215;;;0,72;1016,24;;OVDAdmin;2026-03-18 21:44
2025-04-29;15:00;Noon (Position) - Sea passage;;19,7;7;S;23;3,58;W;43;7,42;P014;P013;VG146;12568,3;0;1,12;18,58;0;;;;;;;;;;;0,71;;2,75;1,72;;;;;;77,06;199,15;749,3;;;;;;0;215;;;0,92;1011,06;;OVDAdmin;2026-03-20 09:02
2025-04-29;20:00;Arrival;;5;16;S;22;49,4;W;43;9,72;P014;P013;VG146;12568,3;0;2,83;2,17;0;;;;;;;;;;;1,36;;1,5;0,63;;;;;;73,57;199,15;749,3;;;;;;0;215;;;0,43;1007,57;;OVDAdmin;2026-03-20 09:02
2025-04-30;15:00;Noon (Position) - Port;;19;0;S;22;49,4;W;43;9,73;P013;P013;VG146;5010,76;0;0;0;0;;;;;;;;;;;;;3,93;1,63;;;;;;68,01;199,15;749,3;;;;;;4002,81;215;;;1,13;1002,01;;OVDAdmin;2026-03-20 09:02
2025-05-01;15:00;Noon (Position) - Port;;24;8;S;22;52,85;W;43;12,57;P013;P013;VG146;5010,76;0;1,23;0;0;;;;;;;;;;;0,32;;3,67;2,26;;;;;;61,76;199,15;749,3;;;;;;2601,655;215;;;1,26;995,76;;OVDAdmin;2026-03-20 09:02
2025-05-02;11:50;Departure;;20,83;0;S;22;53,34;W;43;12,89;P013;P013;VG146;5010,76;0;0,67;0;0;;;;;;;;;;;0,36;;1,53;1,8;;;;;;58,07;199,15;749,3;;;;;;2915,5;215;;;1;992,07;;OVDAdmin;2026-03-20 09:02
2025-05-02;13:30;Begin of sea passage;;1,67;11;S;22;59,9;W;43;8,61;P013;P006;VG147;5010,76;0;1,67;0;0;;;;;;;;;;;1,68;;0,42;0,55;;;;;;40,97;199,15;749,3;;;;;;;215;;;0,35;989,42;;OVDAdmin;2026-03-18 21:44
2025-05-02;15:00;Noon (Position) - Sea passage;;1,5;18;S;23;13,05;W;43;21,49;P013;P006;VG147;5010,76;1,5;0;0;0;;;;;;;;;;;1,22;;0,3;0,12;;;;;;39,49;199,15;749,3;;;;;;;215;;;0,12;987,94;;OVDAdmin;2026-03-18 21:44
2025-05-03;15:00;End of sea passage;;24;302;S;27;32,5;W;46;2,37;P013;P006;VG147;5010,76;24;0;0;0;;;;;;;;;;;22,52;;3,93;1,9;;;;;;11,14;199,15;749,3;;;;;;;215;;;1;959,59;;OVDAdmin;2026-03-18 21:44
2025-05-04;15:00;Noon (Position) - Sea passage;;24;0;;;;;;;P013;P006;VG147;5010,76;0;0;0;0;0;0;0;0;0;0;0;0;0;0;;;;;;;;;;;;;;;0;0;0;;215;HFO;0;;;;OVDAdmin;2026-03-18 21:44
2025-05-05;15:00;Noon (Position) - Sea passage;;24;320;S;35;2,87;W;54;37,64;P013;P006;VG147;5010,76;24;0;0;0;;;;;;;;;;;1,2;20,37;2,3;1,1;;;;;;0;199,15;712,44;;;;;;;215;;;0,3;911,59;;OVDAdmin;2026-03-18 21:44
2025-05-05;20:00;End of sea passage;;5;67;S;35;0,52;W;55;56,66;P013;P006;VG147;5010,76;5;0;0;0;;;;;;;;;;;5,3;;;;0,2;1,39;0,18;;;198,95;705,57;;;;;;;;215;;;0,18;904,52;;OVDAdmin;2026-03-18 21:44
2025-05-06;15:00;Noon (Position) - Sea passage;;19;107;S;34;45,69;W;57;48,49;P013;P006;VG147;5010,76;0;9,67;9,33;0;;;;;;;;;;;5,2;;3,57;0,89;;;;;;198,95;695,91;;;;;;;;215;;;0,59;894,86;;OVDAdmin;2026-03-18 21:44
2025-05-07;15:00;Noon (Position) - Sea passage;;24;0;S;34;45,63;W;57;48,43;P013;P006;VG147;5010,76;0;0;24;0;;;;;;;;;;;;;3,65;2,5;;;;;;198,95;689,76;;;;;;;;215;;;1,5;888,71;;OVDAdmin;2026-03-18 21:44
2025-05-08;15:00;Noon (Position) - Sea passage;;24;71;S;34;9,41;W;58;55,13;P013;P006;VG147;5010,76;0;8,12;15,88;0;;;;;;;;;;;6,4;;2,65;2,3;;;;;;198,95;678,41;;;;;;;;215;;;1,3;877,36;;OVDAdmin;2026-03-18 21:44
2025-05-08;15:30;Arrival;;0,5;0;S;34;9,41;W;58;55,13;P013;P006;VG147;5010,76;0;0;0,5;0;;;;;;;;;;;0,2;;0,1;;;;;;;198,95;678,11;;;;;;;;215;;;;877,06;;OVDAdmin;2026-03-18 21:44
2025-05-09;15:00;Noon (Position) - Port;;23,5;0;S;34;9,41;W;58;55,13;P006;P006;VG147;0;0;0;0;0;;;;;;;;;;;;;4,91;2,4;;;;;;198,95;670,8;;;;;;;8103,375;215;;;1,4;869,75;;OVDAdmin;2026-03-18 21:44
2025-05-10;15:00;Noon (Position) - Port;;24;105;S;33;21,98;W;60;7,44;P006;P006;VG147;0;0;11,02;0;0;;;;;;;;;;;9,17;;5,39;0,96;;;;;;198,95;655,28;;;;;;;116,62;215;;;;854,23;;OVDAdmin;2026-03-18 21:44
2025-05-11;15:00;Noon (Position) - Port;;24;2,8;S;33;21,13;W;60;10,41;P006;P006;VG147;0;0;1,42;0;0;;;;;;;;;;;0,54;;2,86;1;;;;;;198,95;650,88;;;;;;;;215;;;;849,83;;OVDAdmin;2026-03-18 21:44
2025-05-12;11:23;Noon (Position) - Port;;20,38;0;S;33;21,13;W;60;10,4;P006;P006;VG147;0;0;0;0;0;;;;;;;;;;;;;3,2;0,9;;;;;;198,95;646,78;;;;;;;;215;;;;845,73;;OVDAdmin;2026-03-18 21:44
2025-05-12;15:00;Departure;CargoOperations;3,62;38;S;33;39,59;W;59;37,84;P006;P006;VG147;0;0;3,58;0,03;0;;;;;;;;;;;2,23;;0,6;0,1;;;;;;198,95;643,85;;;;;;;;215;;;;842,8;;OVDAdmin;2026-03-18 21:44
2025-05-13;14:00;Begin of sea passage;;23;231;S;35;2,34;W;55;59,75;P006;P009;VG148;0;0;23;0;0;;;;;;;;;;;16,2;;3,1;0,3;;;;;;198,95;622,89;;;;;;;0;215;;;;821,84;;OVDAdmin;2026-03-18 21:44
2025-05-13;15:00;Noon (Position) - Sea passage;;1;11;S;35;4,66;W;55;47,56;P006;P009;VG148;0;1;0;0;0;;;;;;;;;;;0,9;;0,3;;;;;;;198,95;621,69;;;;;;;0;215;;;;820,64;;OVDAdmin;2026-03-18 21:44
2025-05-14;15:00;Noon (Position) - Sea passage;;24;279;S;33;28,56;W;50;48,63;P006;P009;VG148;0;24;0;0;0;;;;;;;;;;;19,69;;2,48;0,18;;;;;;198,95;599,34;;;;;;;0;215;;;;798,29;;OVDAdmin;2026-03-18 21:44
2025-05-15;15:00;Noon (Position) - Sea passage;;24;276;S;30;22,05;W;46;51,67;P006;P009;VG148;0;24;0;0;0;;;;;;;;;;;20,27;;3,66;1,03;;;;;;198,95;574,38;;;;;;;0;215;;;;773,33;;OVDAdmin;2026-03-18 21:44
2025-05-16;15:00;Noon (Position) - Sea passage;;24;298;S;26;53,78;W;42;49,01;P006;P009;VG148;0;24;0;0;0;;;;;;;;;;;20,2;;2,45;;;;;;;198,95;551,73;;;;;;;0;215;;;;750,68;;OVDAdmin;2026-03-18 21:44
2025-05-17;15:00;Noon (Position) - Sea passage;;24;287;S;22;57,88;W;39;47,79;P006;P009;VG148;0;24;0;0;0;;;;;;;;;;;20,36;;2,34;;;;;;;198,95;529,03;;;;;;;0;215;;;;727,98;;OVDAdmin;2026-03-18 21:44
2025-05-18;15:00;Noon (Position) - Sea passage;;24;287;S;18;29,58;W;37;58,32;P006;P009;VG148;0;24;0;0;0;;;;;;;;;;;20,14;;2,27;;;;;;;198,95;506,62;;;;;;;0;215;;;;705,57;;OVDAdmin;2026-03-18 21:44
2025-05-19;15:00;Noon (Position) - Sea passage;;24;307;S;13;25,08;W;38;31,28;P006;P009;VG148;0;24;0;0;0;;;;;;;;;;;19,84;;2,4;;;;;;;198,95;484,38;;;;;;;0;215;;;;683,33;;OVDAdmin;2026-03-18 21:44
2025-05-19;16:18;End of sea passage;;1,3;14;S;13;9,3;W;38;34;P006;P009;VG148;0;1,3;0;0;0;;;;;;;;;;;0,35;;0,4;;;;;;;198,95;483,63;;;;;;;0;215;;;;682,58;;OVDAdmin;2026-03-18 21:44
2025-05-19;19:30;Arrival;;3,2;23;S;12;46,97;W;38;30,04;P006;P009;VG148;0;0;3,2;0;0;;;;;;;;;;;1,05;;1,04;0,1;;;;;;198,95;481,44;;;;;;;0;215;;;;680,39;;OVDAdmin;2026-03-18 21:44
2025-05-20;15:00;Noon (Position) - Port;;19,5;0;S;12;46,96;W;38;30,04;P009;P009;VG148;14422,78;0;0;0;0;;;;;;;;;;;;;1,88;0,9;;;;;;198,95;478,66;;;;;;;0;215;;;;677,61;;OVDAdmin;2026-03-18 21:44
2025-05-21;15:00;Noon (Position) - Port;;24;0;S;12;46,96;W;38;30,04;P009;P009;VG148;14422,78;0;0;0;0;;;;;;;;;;;;;2,71;1;;;;;;198,95;474,95;;;;;;;0;215;;;;673,9;;OVDAdmin;2026-03-18 21:44
2025-05-22;15:00;Noon (Position) - Port;;24;1,96;S;12;47,01;W;38;28,61;P009;P009;VG148;14422,78;0;0,97;0;0;;;;;;;;;;;0,66;;2,6;1;;;;;;198,95;470,69;;;;;;;0;215;;;;669,64;;OVDAdmin;2026-03-18 21:44
2025-05-23;07:26;Departure;;16,43;0;S;12;47;W;38;28,61;P009;P009;VG148;14422,78;0;0;0;0;;;;;;;;;;;;;1,3;0,59;;;;;;198,95;468,8;;;;;;;0;215;;;;667,75;;OVDAdmin;2026-03-18 21:44
2025-05-23;09:18;Begin of sea passage;;1,87;17,2;S;13;1,18;W;38;34,02;P009;P015;VG149;14422,78;0;1,87;0;0;;;;;;;;;;;0,84;;0,46;0,1;;;;;;198,95;467,4;;;;;;;0;215;;;;666,35;;OVDAdmin;2026-03-18 21:44
2025-05-23;15:00;Noon (Position) - Sea passage;;5,7;72;S;12;52,05;W;37;39,94;P009;P015;VG149;14422,78;5,7;0;0;0;;;;;;;;;;;3,68;;0,35;;;;;;;198,95;463,37;;;;;;;0;215;;;;662,32;;OVDAdmin;2026-03-18 21:44
2025-05-24;15:00;Noon (Position) - Sea passage;;24;315;S;8;37,74;W;34;43,81;P009;P015;VG149;14422,78;24;0;0;0;;;;;;;;;;;20,73;;2,19;;;;;;;198,95;440,45;;;;;;;0;215;;;;639,4;;OVDAdmin;2026-03-18 21:44
2025-05-24;16:18;End of sea passage;;1,3;14;S;8;25,43;W;34;51,05;P009;P015;VG149;14422,78;1,3;0;0;0;;;;;;;;;;;0,89;;0,54;0,1;;;;;;198,95;438,92;;;;;;;0;215;;;;637,87;;OVDAdmin;2026-03-18 21:44
2025-05-25;15:00;Noon (Position) - Sea passage;;22,7;2,5;S;8;23,56;W;34;53,11;P009;P015;VG149;14422,78;0;0,53;22,17;0;;;;;;;;;;;0,77;;1,92;0,9;;;;;;198,95;435,33;;;;;;;0;215;;;;634,28;;OVDAdmin;2026-03-18 21:44
2025-05-26;15:00;Noon (Position) - Sea passage;;24;0;S;8;23,55;W;34;53,09;P009;P015;VG149;14422,78;0;0;24;0;;;;;;;;;;;;;3,25;1;;;;;;198,95;431,08;;;;;;;0;215;;;;630,03;;OVDAdmin;2026-03-18 21:44
2025-05-27;11:24;Arrival;;20,4;6;S;8;23,9;W;34;57,38;P009;P015;VG149;14422,78;0;1,93;18,47;0;;;;;;;;;;;1,06;;2,8;0,8;;;;;;198,95;426,42;;;;;;;0;215;;;;625,37;;OVDAdmin;2026-03-18 21:44
2025-05-27;15:00;Noon (Position) - Port;;3,6;0;S;8;23,9;W;34;57,38;P015;P015;VG149;4591,64;0;0;0;0;;;;;;;;;;;;;0,4;0,2;;;;;;198,95;426,42;;;;;;;0;215;;;;625,37;;OVDAdmin;2026-03-18 21:44
2025-05-28;15:00;Noon (Position) - Port;;24;0;S;8;23,9;W;34;57,38;P015;P015;VG149;4591,64;0;0;0;0;;;;;;;;;;;;;5,98;1;;;;;;198,95;419,44;200,1;;;;;;11833,5;215;;;;818,49;;OVDAdmin;2026-03-18 21:44
2025-05-28;16:10;Departure;;1,17;0;S;8;23,9;W;34;57,38;P015;P015;VG149;4591,64;0;0;0;0;;;;;;;;;;;;;0,4;0,1;;;;;;198,95;418,94;200,1;;;;;;0;215;;;;817,99;;OVDAdmin;2026-03-18 21:44
2025-05-28;16:45;Begin of sea passage;;0,58;2;S;8;22,87;W;34;56,16;P015;P059;VG150;4591,64;0;0,58;0;0;;;;;;;;;;;0,3;;0,84;0,36;;;;;;198,95;418,2;200,1;;;;;;;215;;;;817,25;;OVDAdmin;2026-03-18 21:44
2025-05-29;15:00;Noon (Position) - Sea passage;;22,25;312;S;4;5,17;W;36;19,62;P015;P059;VG150;4591,64;22,25;0;0;0;;;;;;;;;;;21,43;;3,56;0,36;;;;;;198,95;392,85;200,1;;;;;;;215;;;;791,9;;OVDAdmin;2026-03-18 21:44
2025-05-30;15:00;Noon (Position) - Sea passage;;24;389;S;0;42,4;W;41;50,27;P015;P059;VG150;4591,64;24;0;0;0;;;;;;;;;;;21,71;;;;0,3;3,62;0,18;;;198,65;367,34;200,1;;;;;;;215;;;;766,09;;OVDAdmin;2026-03-18 21:44
2025-05-31;15:00;Noon (Position) - Sea passage;;24;353;N;2;21,89;W;46;50,77;P015;P059;VG150;4591,64;24;0;0;0;;;;;;;;;;;20,36;;2,52;;;;;;;198,65;344,46;200,1;;;;;;;215;;;;743,21;;OVDAdmin;2026-03-18 21:44
2025-06-01;16:00;Noon (Position) - Sea passage;;25;387;N;5;41,03;W;52;19,11;P015;P059;VG150;4591,64;25;0;0;0;;;;;;;;;;;21,23;;2,84;;;;;;;198,65;320,39;200,1;;;;;;;215;;;;719,14;;OVDAdmin;2026-03-18 21:44
2025-06-02;16:00;Noon (Position) - Sea passage;;24;350;N;8;51,34;W;57;21,17;P015;P059;VG150;4591,64;24;0;0;0;;;;;;;;;;;21,09;;3,11;;;;;;;198,65;296,19;200,1;;;;;;;215;;;;694,94;;OVDAdmin;2026-03-18 21:44
2025-06-03;16:00;Noon (Position) - Sea passage;;24;340;N;11;22,74;W;62;23,68;P015;P059;VG150;4591,64;24;0;0;0;;;;;;;;;;;22,26;;3,06;;;;;;;198,65;270,87;200,1;;;;;;;215;;;;669,62;;OVDAdmin;2026-03-18 21:44
2025-06-04;17:00;Noon (Position) - Sea passage;;25;367;N;13;26;W;68;16,93;P015;P059;VG150;4591,64;25;0;0;0;;;;;;;;;;;22,21;;2,6;;;;;;;198,65;246,06;200,1;;;;;;;215;;;;644,81;;OVDAdmin;2026-03-18 21:44
2025-06-05;17:00;Noon (Position) - Sea passage;;24;329;N;15;26,65;W;73;29,69;P015;P059;VG150;4591,64;24;0;0;0;;;;;;;;;;;22,16;;2,57;;;;;;;198,65;221,33;200,1;;;;;;;215;;;;620,08;;OVDAdmin;2026-03-18 21:44
2025-06-06;17:00;Noon (Position) - Sea passage;;24;315;N;17;58,77;W;78;21,47;P015;P059;VG150;4591,64;24;0;0;0;;;;;;;;;;;21,89;;2,37;;;;;;;198,65;197,07;200,1;;;;;;;215;;;;595,82;;OVDAdmin;2026-03-18 21:44
2025-06-07;17:00;Noon (Position) - Sea passage;;24;316;N;20;37,59;W;83;8,04;P015;P059;VG150;4591,64;24;0;0;0;;;;;;;;;;;21,29;;2,17;;;;;;;198,65;173,61;200,1;;;;;;;215;;;;572,36;;OVDAdmin;2026-03-18 21:44
2025-06-08;17:00;Noon (Position) - Sea passage;;24;342;N;24;8,62;W;87;40,89;P015;P059;VG150;4591,64;24;0;0;0;;;;;;;;;;;21,67;;2,22;;;;;;;198,65;149,72;200,1;;;;;;;215;;;;548,47;;OVDAdmin;2026-03-18 21:44
2025-06-09;17:00;Noon (Position) - Sea passage;;24;303;N;26;6,43;W;92;47,78;P015;P059;VG150;4591,64;24;0;0;0;;;;;;;;;;;18,68;0,9;0,3;0,1;;2,1;;;;197,35;128,94;200,1;;;;;;;215;;;;526,39;;OVDAdmin;2026-03-18 21:44
2025-06-10;09:36;End of sea passage;;16,6;203;N;28;45,78;W;95;5,85;P015;P059;VG150;4591,64;16,6;0;0;0;;;;;;;;;;;14,87;;2,06;0,27;;;;;;180,15;128,94;200,1;;;;;;;215;;;;509,19;;OVDAdmin;2026-03-18 21:44
2025-06-10;14:55;Arrival;;5,32;7;N;28;56,6;W;95;19,03;P015;P059;VG150;4591,64;0;2,73;2,58;0;;;;;;;;;;;2,16;;1,6;0,09;;;;;;176,3;128,94;200,1;;;;;;;215;;;;505,34;;OVDAdmin;2026-03-18 21:44
2025-06-10;17:00;Noon (Position) - Port;;2,08;0;N;28;56,6;W;95;19,03;P059;P059;VG150;6419,61;0;0;0;0;;;;;;;;;;;;;0,5;;;;;;;175,8;128,94;200,1;;;;;;;215;;;;504,84;;OVDAdmin;2026-03-18 21:44
2025-06-11;17:00;Noon (Position) - Port;;24;0;N;28;56,6;W;95;19,03;P059;P059;VG150;6419,61;0;0;0;0;;;;;;;;;;;0,3;;5;1;;;;;;169,5;128,94;200,1;;;;;;1286,25;215;;;;498,54;;OVDAdmin;2026-03-18 21:44
2025-06-12;17:00;Noon (Position) - Port;;24;0;N;28;56,6;W;95;19,03;P059;P059;VG150;6419,61;0;0;0;0;;;;;;;;;;;0,4;;6,2;1,2;;;;;;161,7;128,94;200,1;;;;;;;215;;;;490,74;;OVDAdmin;2026-03-18 21:44
2025-06-13;17:00;Noon (Position) - Port;;24;0;N;28;56,6;W;95;19,03;P059;P059;VG150;6419,61;0;0;0;0;;;;;;;;;;;;;6,5;1;;;;;;154,2;128,94;200,1;;;;;;;215;;;;483,24;;OVDAdmin;2026-03-18 21:44
2025-06-13;23:20;Departure;CargoOperations,Miscellaneous;6,33;0;N;28;56,54;W;95;18,98;P059;P059;VG150;6419,61;0;0;0;0;;;;;;;;;;;0,2;;2;0,4;;;;;;151,6;128,94;200,1;;;;;;;215;;;;480,64;;OVDAdmin;2026-03-18 21:44
2025-06-14;00:12;Begin of sea passage;;0,87;10;N;28;51,07;W;95;11,81;P059;P064;VG151;6419,61;0;0,87;0;0;;;;;;;;;;;1,58;;1,56;;;;;;;148,46;128,94;200,1;;;;;;;215;;;;477,5;;OVDAdmin;2026-03-18 21:44
2025-06-14;17:00;Noon (Position) - Sea passage;;16,8;196;N;28;12,96;W;96;6,01;P059;P064;VG151;6419,61;16,8;0;0;0;;;;;;;;;;;12,17;;4,7;0,84;;;;;;130,75;128,94;200,1;;;;;;;215;;;;459,79;;OVDAdmin;2026-03-18 21:44
2025-06-14;17:18;End of sea passage;;0,3;4;N;28;17,33;W;96;10,41;P059;P064;VG151;6419,61;0,3;0;0;0;;;;;;;;;;;0,27;;1,08;0,08;;;;;;129,32;128,94;200,1;;;;;;;215;;;;458,36;;OVDAdmin;2026-03-18 21:44
2025-06-14;21:15;Arrival;;3,95;30;N;28;38,71;W;96;33,17;P059;P064;VG151;6419,61;0;3,95;0;0;;;;;;;;;;;2,16;;1,68;0,17;;;;;;125,31;128,94;200,1;;;;;;;215;;;;454,35;;OVDAdmin;2026-03-18 21:44
2025-06-15;17:00;Noon (Position) - Port;;19,75;0;N;28;38,71;W;96;33,17;P064;P064;VG151;13164,43;0;0;0;0;;;;;;;;;;;;;4,6;0,9;;;;;;119,81;128,94;200,1;;;;;;;215;;;;448,85;;OVDAdmin;2026-03-18 21:44
2025-06-16;17:00;Noon (Position) - Port;;24;0;N;28;38,71;W;96;33,18;P064;P064;VG151;13164,43;0;0;0;0;;;;;;;;;;;;;4,7;1;;;;;;114,11;128,94;200,1;;;;;;;215;;;;443,15;;OVDAdmin;2026-03-18 21:44
2025-06-16;19:12;Departure;CargoOperations;2,2;0;N;28;38,71;W;96;33,18;P064;P064;VG151;13164,43;0;0;0;0;;;;;;;;;;;0,35;;1,43;0,17;;;;;;112,16;128,94;200,1;;;;;;;215;;;;441,2;;OVDAdmin;2026-03-18 21:44
2025-06-16;22:00;Begin of sea passage;;2,8;26,5;N;28;21,68;W;96;14,06;P064;P060;VG152;13164,43;0;2,8;0;0;;;;;;;;;;;1,98;;1,24;;;;;;;108,94;128,94;200,1;;;;;;;215;;;;437,98;;OVDAdmin;2026-03-18 21:44
2025-06-17;07:30;End of sea passage;;9,5;123;N;29;13,09;W;94;28,48;P064;P060;VG152;13164,43;9,5;0;0;0;;;;;;;;;;;5,8;;1,87;;;;;;;101,27;128,94;200,1;;;;;;;215;;;;430,31;;OVDAdmin;2026-03-18 21:44
2025-06-17;17:00;Noon (Position) - Sea passage;;9,5;0;N;29;16,51;W;94;30,7;P064;P060;VG152;13164,43;0;0,83;8,67;0;;;;;;;;;;;;;1,4;0,76;;;;;;99,11;128,94;200,1;;;;;;;215;;;;428,15;;OVDAdmin;2026-03-18 21:44
2025-06-17;23:50;Arrival;;6,83;38;N;29;36,54;W;95;1,27;P064;P060;VG152;13164,43;0;4,33;2,5;0;;;;;;;;;;;3,3;;1,28;0,21;;;;;;94,32;128,94;200,1;;;;;;;215;;;;423,36;;OVDAdmin;2026-03-18 21:44
2025-06-18;17:00;Noon (Position) - Port;;17,17;0;N;29;36,54;W;95;1,27;P060;P060;VG152;31480,5;0;0;0;0;;;;;;;;;;;;;3,2;0,74;;;;;;90,38;128,94;200,1;;;;;;1272,53;215;;;;419,42;;OVDAdmin;2026-03-18 21:44
2025-06-19;17:00;Noon (Position) - Port;;24;0;N;29;36,54;W;95;1,27;P060;P060;VG152;31480,5;0;0;0;0;;;;;;;;;;;;;4,5;0,85;;;;;;85,03;128,94;200,1;250;;;;;5402,25;215;;;;664,07;;OVDAdmin;2026-03-18 21:44
2025-06-20;17:00;Noon (Position) - Port;;24;53;N;29;10,95;W;94;19,7;P060;P060;VG152;31480,5;0;5,42;0;0;;;;;;;;;;;4,2;;4,7;0,94;;;;;;75,19;128,94;200,1;250;;;;;397,88;215;;;;654,23;;OVDAdmin;2026-03-18 21:44
2025-06-21;17:00;Noon (Position) - Port;;24;38;N;29;17,3;W;94;34,88;P060;P060;VG152;31480,5;0;4,08;0;0;;;;;;;;;;;3,96;;4,3;0,96;;;;;;65,97;128,94;200,1;250;;;;;;215;;;;645,01;;OVDAdmin;2026-03-18 21:44
2025-06-22;17:00;Noon (Position) - Port;;24;46;N;29;44,68;W;95;5,98;P060;P060;VG152;31480,5;0;4,75;0;0;;;;;;;;;;;4,12;;4,71;0,94;;;;;;56,2;128,94;200,1;250;;;;;;215;;;;635,24;;OVDAdmin;2026-03-18 21:44
2025-06-23;17:00;Noon (Position) - Port;;24;0;N;29;44,68;W;95;5,98;P060;P060;VG152;31480,5;0;0;0;0;;;;;;;;;;;;;4,5;1,4;;;;;;50,3;128,94;200,1;250;;;;;;215;;;0,5;629,34;;OVDAdmin;2026-03-18 21:44
2025-06-24;17:00;Noon (Position) - Port;;24;20;N;29;32,2;W;94;53,97;P060;P060;VG152;31480,5;0;2,17;0;0;;;;;;;;;;;1,57;;4,62;1,38;;;;;;42,73;128,94;200,1;250;;;;;;215;;;0,48;621,77;;OVDAdmin;2026-03-18 21:44
2025-06-25;17:00;Noon (Position) - Port;;24;76;N;29;21,7;W;94;55;P060;P060;VG152;31480,5;0;9;0;0;;;;;;;;;;;6,24;;4,79;1,24;;;;;;30,46;128,94;200,1;250;;;;;;215;;;0,34;609,5;;OVDAdmin;2026-03-18 21:44
2025-06-26;17:00;Noon (Position) - Port;;24;0;N;29;21,7;W;94;55;P060;P060;VG152;31480,5;0;0;0;0;;;;;;;;;;;;;4,9;1,36;;;;;;24,2;128,94;200,1;250;;;;;;215;;;0,46;603,24;;OVDAdmin;2026-03-18 21:44
2025-06-27;17:00;Noon (Position) - Port;;24;3;N;29;22,54;W;94;53,47;P060;P060;VG152;31480,5;0;1,17;0;0;;;;;;;;;;;1,22;;4,86;1,42;;;;;;15,5;128,94;200,1;250;;;;;;215;;;0,52;594,54;;OVDAdmin;2026-03-18 21:44
2025-06-28;17:00;Noon (Position) - Port;;24;5;N;29;21,87;W;94;49,16;P060;P060;VG152;31480,5;0;0,67;0;0;;;;;;;;;;;0,52;;4,76;1,32;;;;;;8,9;128,94;200,1;250;;;;;;215;;;0,42;587,94;;OVDAdmin;2026-03-18 21:44
2025-06-29;17:00;Noon (Position) - Port;;24;84;N;29;18,7;W;94;31,57;P060;P060;VG152;31480,5;0;9,47;0;0;;;;;;;;;;;7,3;;1,6;;;3,2;1,54;;;0;128,94;200,1;245,26;390;;;;;215;;;0,64;964,3;;OVDAdmin;2026-03-18 21:44
2025-06-30;17:00;Noon (Position) - Port;;24;52;N;29;44,69;W;95;5,78;P060;P060;VG152;31480,5;0;5,63;0;0;;;;;;;;;;;5,11;;4,7;1,4;;;;;;128,94;200,1;234,65;390;;;;;;215;;;0,5;953,69;;OVDAdmin;2026-03-18 21:44
2025-07-01;17:00;Noon (Position) - Port;;24;45;N;29;20,48;W;94;32,92;P060;P060;VG152;31480,5;0;6,18;0;0;;;;;;;;;;;4,52;;4,73;1,34;;;;;;128,94;200,1;224,06;390;;;;;;215;;;0,44;943,1;;OVDAdmin;2026-03-18 21:44
2025-07-02;17:00;Noon (Position) - Port;;24;21;N;29;20,71;W;94;31,59;P060;P060;VG152;31480,5;0;2,12;0;0;;;;;;;;;;;1,89;;4,2;1,34;;;;;;128,94;200,1;216,63;390;;;;;;215;;;0,44;935,67;;OVDAdmin;2026-03-18 21:44
2025-07-03;17:00;Noon (Position) - Port;;24;22;N;29;25,73;W;94;49,96;P060;P060;VG152;31480,5;0;2;0;0;;;;;;;;;;;1,59;;4,27;1,42;;;;;;128,94;200,1;209,35;390;;;;;;215;;;0,52;928,39;;OVDAdmin;2026-03-18 21:44
2025-07-04;17:00;Noon (Position) - Port;;24;20;N;29;43,37;W;95;1,19;P060;P060;VG152;31480,5;0;2,55;0;0;;;;;;;;;;;1,89;;4,02;1,34;;;;;;128,94;200,1;202,1;390;;;;;;215;;;0,44;921,14;;OVDAdmin;2026-03-18 21:44
2025-07-05;17:00;Noon (Position) - Port;;24;0;N;29;43,37;W;95;1,19;P060;P060;VG152;31480,5;0;0;0;0;;;;;;;;;;;;;3,8;1,39;;;;;;128,94;200,1;196,91;390;;;;;;215;;;0,49;915,95;;OVDAdmin;2026-03-18 21:44
2025-07-06;17:00;Noon (Position) - Port;;24;0;N;29;43,37;W;95;1,19;P060;P060;VG152;31480,5;0;0;0;0;;;;;;;;;;;;;3,65;1,42;;;;;;128,94;200,1;191,84;390;;;;;;215;;;0,52;910,88;;OVDAdmin;2026-03-18 21:44
2025-07-07;04:20;Departure;CargoOperations;11,33;0;N;29;43,37;W;95;1,19;P060;P060;VG152;31480,5;0;0;0;0;;;;;;;;;;;0,32;;2,12;0,74;;;;;;128,94;200,1;188,66;390;;;;;;215;;;0,24;907,7;;OVDAdmin;2026-03-18 21:44
2025-07-07;08:15;Begin of sea passage;;3,92;38;N;29;16,56;W;94;35,93;P060;P014;VG153;31480,5;0;3,92;0;0;;;;;;;;;;;3,07;;1,02;;;;;;;128,94;200,1;184,57;390;;;;;;215;;;;903,61;;OVDAdmin;2026-03-18 21:44
2025-07-07;17:00;Noon (Position) - Sea passage;;8,75;108;N;28;18,27;W;93;3,1;P060;P014;VG153;31480,5;8,75;0;0;0;;;;;;;;;;;5,28;;1,02;;;;;;;128,94;200,1;178,27;390;;;;;;215;;;;897,31;;OVDAdmin;2026-03-18 21:44
2025-07-08;17:00;Noon (Position) - Sea passage;;24;308;N;25;21,52;W;88;27,03;P060;P014;VG153;31480,5;24;0;0;0;;;;;;;;;;;18,45;1,86;1;0,17;;0,38;;;;125,91;200,1;159,44;390;;;;;;215;;;0,17;875,45;;OVDAdmin;2026-03-18 21:44
2025-07-09;17:00;Noon (Position) - Sea passage;;24;288;N;23;41,01;W;83;32,49;P060;P014;VG153;31480,5;24;0;0;0;;;;;;;;;;;21,42;;0,95;0,33;;;;;;103,21;200,1;159,44;390;;;;;;215;;;;852,75;;OVDAdmin;2026-03-18 21:44
2025-07-10;17:00;Noon (Position) - Sea passage;;24;304;N;22;38,67;W;78;20,57;P060;P014;VG153;31480,5;24;0;0;0;;;;;;;;;;;21,7;;;;;;;;;81,51;200,1;159,44;390;;;;;;215;;;;831,05;;OVDAdmin;2026-03-18 21:44
2025-07-11;17:00;Noon (Position) - Sea passage;;24;287;N;20;42,75;W;73;43,44;P060;P014;VG153;31480,5;24;0;0;0;;;;;;;;;;;21,5;;;;;;;;;60,01;200,1;159,44;390;;;;;;215;;;;809,55;;OVDAdmin;2026-03-18 21:44
2025-07-12;16:00;Noon (Position) - Sea passage;;23;266;N;19;45;W;69;4,32;P060;P014;VG153;31480,5;23;0;0;0;;;;;;;;;;;19,92;;;;;;;;;40,09;200,1;159,44;390;;;;;;215;;;;789,63;;OVDAdmin;2026-03-18 21:44
2025-07-13;16:00;Noon (Position) - Sea passage;;24;295;N;19;9,69;W;63;55,53;P060;P014;VG153;31480,5;24;0;0;0;;;;;;;;;;;20,24;;;;0,2;;;;;19,85;200,1;159,24;390;;;;;;215;;;;769,19;;OVDAdmin;2026-03-18 21:44
2025-07-14;15:00;Noon (Position) - Sea passage;;23;279;N;16;45,62;W;59;54,34;P060;P014;VG153;31480,5;23;0;0;0;;;;;;;;;;;19,09;0,7;;;;;;;;0,76;199,4;159,24;390;;;;;;215;;;;749,4;;OVDAdmin;2026-03-18 21:44
2025-07-15;15:00;Noon (Position) - Sea passage;;24;277;N;13;47,32;W;56;15,89;P060;P014;VG153;31480,5;24;0;0;0;;;;;;;;;;;19,51;0,76;;;;;;;;0;179,89;159,24;390;;;;;;215;;;;729,13;;OVDAdmin;2026-03-18 21:44
2025-07-16;15:00;Noon (Position) - Sea passage;;24;273;N;10;50,25;W;52;41,41;P060;P014;VG153;31480,5;24;0;0;0;;;;;;;;;;;20,42;;;;;;;;;159,47;159,24;390;;;;;;;215;;;;708,71;;OVDAdmin;2026-03-18 21:44
2025-07-17;15:00;Noon (Position) - Sea passage;;24;274;N;7;59,07;W;49;5,72;P060;P014;VG153;31480,5;24;0;0;0;;;;;;;;;;;20,35;;;;;;;;;139,12;159,24;390;;;;;;;215;;;;688,36;;OVDAdmin;2026-03-18 21:44
2025-07-18;15:00;Noon (Position) - Sea passage;;24;307;N;4;52,05;W;44;59,37;P060;P014;VG153;31480,5;24;0;0;0;;;;;;;;;;;20,32;;;;;;;;;118,8;159,24;390;;;;;;;215;;;;668,04;;OVDAdmin;2026-03-18 21:44
2025-07-19;15:00;Noon (Position) - Sea passage;;24;287;N;1;57,74;W;41;10,68;P060;P014;VG153;31480,5;24;0;0;0;;;;;;;;;;;20,12;;;;;;;;;98,68;159,24;390;;;;;;;215;;;;647,92;;OVDAdmin;2026-03-18 21:44
2025-07-20;15:00;Noon (Position) - Sea passage;;24;263;S;0;40,69;W;37;40,79;P060;P014;VG153;31480,5;24;0;0;0;;;;;;;;;;;20,24;;;;;;;;;78,44;159,24;390;;;;;;;215;;;;627,68;;OVDAdmin;2026-03-18 21:44
2025-07-21;15:00;Noon (Position) - Sea passage;;24;275;S;4;29,43;W;35;12,62;P060;P014;VG153;31480,5;24;0;0;0;;;;;;;;;;;20,18;;;;;;;;;58,26;159,24;390;;;;;;;215;;;;607,5;;OVDAdmin;2026-03-18 21:44
2025-07-22;15:00;Noon (Position) - Sea passage;;24;263;S;8;30,1;W;34;31,07;P060;P014;VG153;31480,5;24;0;0;0;;;;;;;;;;;20,28;;;;;;;;;19,2;159,24;390;;;;;;;215;;;;568,44;;OVDAdmin;2026-03-18 21:44
2025-07-23;15:00;Noon (Position) - Sea passage;;24;271;S;12;54,77;W;36;2,4;P060;P014;VG153;31480,5;24;0;0;0;;;;;;;;;;;19,2;0,62;0,12;0,33;;;;;;0;159,24;388,93;;;;;;;215;;;0,33;548,17;;OVDAdmin;2026-03-18 21:44
2025-07-24;15:00;Noon (Position) - Sea passage;;24;301;S;17;40,33;W;37;42,7;P060;P014;VG153;31480,5;24;0;0;0;;;;;;;;;;;16,91;2,37;0,45;0,24;;;;;;0;159,24;385,87;;;;;;;215;;;0,24;545,11;;OVDAdmin;2026-03-18 21:44
2025-07-25;15:00;Noon (Position) - Sea passage;;24;299;S;22;24,62;W;39;29,54;P060;P014;VG153;31480,5;24;0;0;0;;;;;;;;;;;20,21;;0,24;0,21;;;;;;159,24;365,21;;;;;;;;215;;;0,21;524,45;;OVDAdmin;2026-03-18 21:44
2025-07-26;15:00;Noon (Position) - Sea passage;;24;296;S;24;14,09;W;44;13,71;P060;P014;VG153;31480,5;24;0;0;0;;;;;;;;;;;20,32;;;;;;;;;159,24;344,89;;;;;;;;215;;;;504,13;;OVDAdmin;2026-03-18 21:44
2025-07-27;00:48;End of sea passage;;9,8;124;S;24;13,9;W;46;21,64;P060;P014;VG153;31480,5;9,8;0;0;0;;;;;;;;;;;8,73;;0,17;0,46;;;;;;159,24;335,53;;;;;;;;215;;;0,46;494,77;;OVDAdmin;2026-03-18 21:44
2025-07-27;15:00;Noon (Position) - Sea passage;;14,2;3;S;24;9,28;W;46;20,95;P060;P014;VG153;31480,5;0;0,8;13,4;0;;;;;;;;;;;;;0,73;0,98;;;;;;159,24;333,82;;;;;;;;215;;;0,48;493,06;;OVDAdmin;2026-03-18 21:44
2025-07-28;13:50;Arrival;;22,83;20;S;23;55,16;W;46;21,63;P060;P014;VG153;31480,5;0;3,33;19,5;0;;;;;;;;;;;1,97;;1,07;1,87;;;;;;159,24;328,91;;;;;;;;215;;;0,97;488,15;;OVDAdmin;2026-03-18 21:44
2025-07-28;15:00;Noon (Position) - Port;;1,17;0;S;23;55,16;W;46;21,63;P014;P014;VG153;11769,5;0;0;0;0;;;;;;;;;;;;;0,34;0,31;;;;;;159,24;328,26;;;;;;;;215;;;0,21;487,5;;OVDAdmin;2026-03-18 21:44
2025-07-29;15:00;Noon (Position) - Port;;24;0;S;23;55,16;W;46;21,63;P014;P014;VG153;11769,5;0;0;0;0;;;;;;;;;;;;;2,24;2,12;;;;;;159,24;323,9;;;;;;;7031,5;215;;;1,22;483,14;;OVDAdmin;2026-03-18 21:44
2025-07-30;15:00;Noon (Position) - Port;;24;0;S;23;55,16;W;46;21,63;P014;P014;VG153;11769,5;0;0;0;0;;;;;;;;;;;;;3,2;1,58;;;;;;159,24;319,12;;;;;;;11605,405;215;;;0,68;478,36;;OVDAdmin;2026-03-18 21:44
2025-07-31;15:00;Noon (Position) - Port;;24;0;S;23;55,16;W;46;21,63;P014;P014;VG153;11769,5;0;0;0;0;;;;;;;;;;;;;4,13;1,29;;;;;;159,24;313,7;;;;;;;7717,5;215;;;;472,94;;OVDAdmin;2026-03-18 21:44
2025-08-01;15:00;Noon (Position) - Port;;24;0;S;23;55,16;W;46;21,63;P014;P014;VG153;11769,5;0;0;0;0;;;;;;;;;;;;;4,08;1,68;;;;;;159,24;307,94;;;;;;;2256,94;215;;;;467,18;;OVDAdmin;2026-03-18 21:44
2025-08-02;15:00;Noon (Position) - Port;;24;2;S;23;55,5;W;46;19,76;P014;P014;VG153;11769,5;0;1,25;0;0;;;;;;;;;;;0,86;;3,6;1,15;;;;;;159,24;302,33;;;;;;;3412,85;215;;;;461,57;;OVDAdmin;2026-03-18 21:44
2025-08-03;15:00;Noon (Position) - Port;;24;0;S;23;55,5;W;46;19,76;P014;P014;VG153;11769,5;0;0;0;0;;;;;;;;;;;;;4,6;1,2;;;;;;159,24;296,53;;;;;;;12519,5;215;;;;455,77;;OVDAdmin;2026-03-18 21:44
2025-08-04;15:00;Noon (Position) - Port;;24;4,37;S;23;58,89;W;46;17,21;P014;P014;VG153;11769,5;0;1,25;0;0;;;;;;;;;;;1,02;;4,25;1,48;;;;;;159,24;289,78;650,15;;;;;;2315,25;215;;;0,58;1099,17;;OVDAdmin;2026-03-18 21:44
2025-08-04;17:10;Departure;CargoOperations;2,17;0;S;23;58,9;W;46;17,22;P014;P014;VG153;11769,5;0;0;0;0;;;;;;;;;;;0,15;;0,23;0,23;;;;;;159,24;289,17;650,15;;;;;;;215;;;0,13;1098,56;;OVDAdmin;2026-03-18 21:44
2025-08-04;17:45;Begin of sea passage;;0,58;5;S;24;1,52;W;46;20,84;P014;P014;VG154;11769,5;0;0,58;0;0;;;;;;;;;;;0,39;;0,1;0,09;;;;;;159,24;288,59;650,15;;;;;;;215;;;0,09;1097,98;;OVDAdmin;2026-03-18 21:44
2025-08-05;15:00;Noon (Position) - Sea passage;;21,25;267;S;28;17,25;W;47;1,39;P014;P014;VG154;11769,5;21,25;0;0;0;;;;;;;;;;;17,16;;2,28;0,35;;;;;;159,24;268,8;650,15;;;;;;;215;;;0,2;1078,19;;OVDAdmin;2026-03-18 21:44
2025-08-06;15:00;Noon (Position) - Sea passage;;24;296;S;32;24,12;W;50;5,39;P014;P014;VG154;11769,5;24;0;0;0;;;;;;;;;;;19,87;;3,46;2,68;;;;;;159,24;242,79;650,15;;;;;;;215;;;0,58;1052,18;;OVDAdmin;2026-03-18 21:44
2025-08-07;15:00;Noon (Position) - Sea passage;;24;308;S;35;2,74;W;55;17,59;P014;P014;VG154;11769,5;24;0;0;0;;;;;;;;;;;18,73;;2,7;1,85;;;;;;159,24;219,51;650,15;;;;;;;215;;;0,55;1028,9;;OVDAdmin;2026-03-18 21:44
2025-08-07;19:30;End of sea passage;;4,5;32;S;35;4,07;W;55;55,71;P014;P014;VG154;11769,5;4,5;0;0;0;;;;;;;;;;;2,27;;0,8;0,55;;;;;;159,24;215,89;650,15;;;;;;;215;;;0,55;1025,28;;OVDAdmin;2026-03-18 21:44
2025-08-08;15:00;Noon (Position) - Sea passage;;19,5;153;S;34;17,83;W;58;32,8;P014;P014;VG154;11769,5;0;13,25;6,25;0;;;;;;;;;;;8,24;;2,19;1,01;;;;;;159,24;204,45;650,15;;;;;;;215;;;0,41;1013,84;;OVDAdmin;2026-03-18 21:44
2025-08-08;18:40;Arrival;;3,67;21;S;34;9,41;W;58;55,13;P014;P014;VG154;11769,5;0;3,17;0,5;0;;;;;;;;;;;2,17;;0,89;0,28;;;;;;159,24;201,11;650,15;;;;;;;215;;;0,18;1010,5;;OVDAdmin;2026-03-18 21:44
2025-08-09;15:00;Noon (Position) - Port;;20,33;0;S;34;9,41;W;58;55,13;P014;P014;VG154;3990;0;0;0;0;;;;;;;;;;;;;4,12;2,77;;;;;;159,24;194,22;650,15;;;;;;6959,47;215;;;1,87;1003,61;;OVDAdmin;2026-03-18 21:44
2025-08-10;15:00;Noon (Position) - Port;;24;49;S;34;16,17;W;58;38,23;P014;P014;VG154;3990;0;6,78;0;0;;;;;;;;;;;3,2;;4,01;3,24;;;;;;159,24;183,77;650,15;;;;;;2786,875;215;;;1,2;993,16;;OVDAdmin;2026-03-18 21:44
2025-08-11;15:00;Noon (Position) - Port;;24;164;S;34;53,97;W;56;12,55;P014;P014;VG154;3990;0;14,6;0;0;;;;;;;;;;;10,09;;2,45;1,01;;;;;;159,24;170,22;650,15;;;;;;;215;;;;979,61;;OVDAdmin;2026-03-18 21:44
2025-08-12;15:00;Noon (Position) - Port;;24;0;S;34;53,97;W;56;12,55;P014;P014;VG154;3990;0;0;0;0;;;;;;;;;;;;;2,39;1,25;;;;;;159,24;166,58;650,15;;;;;;;215;;;;975,97;;OVDAdmin;2026-03-18 21:44
2025-08-13;05:15;Departure;;14,25;0;S;34;53,97;W;56;12,55;P014;P014;VG154;3990;0;0;0;0;;;;;;;;;;;0,55;;1,35;1,02;;;;;;159,24;163,66;650,15;;;;;;;215;;;;973,05;;OVDAdmin;2026-03-18 21:44
2025-08-13;06:30;Begin of sea passage;;1,25;8,8;S;35;0,51;W;56;9,94;P068;P005;VG155;3990;0;1,25;0;0;;;;;;;;;;;0,59;;0,22;;;;;;;159,24;162,85;650,15;;;;;;;215;;;;972,24;;OVDAdmin;2026-03-18 21:44
2025-08-13;15:00;Noon (Position) - Sea passage;;8,5;102;S;35;42,42;W;54;41,92;P068;P005;VG155;3990;8,5;0;0;0;;;;;;;;;;;7,54;;1,02;;;;;;;159,24;154,29;650,15;;;;;;;215;;;;963,68;;OVDAdmin;2026-03-18 21:44
2025-08-14;15:00;Noon (Position) - Sea passage;;24;265;S;38;52,87;W;58;19,26;P068;P005;VG155;3990;24;0;0;0;;;;;;;;;;;20,54;;3,02;3,5;;;;;;159,24;127,23;650,15;;;;;;;215;;;1,5;936,62;;OVDAdmin;2026-03-18 21:44
2025-08-15;04:00;End of sea passage;;13;155;S;39;19,78;W;61;30,13;P068;P005;VG155;3990;13;0;0;0;;;;;;;;;;;10,25;;1,37;3,51;;;;;;159,24;112,1;650,15;;;;;;;215;;;2;921,49;;OVDAdmin;2026-03-18 21:44
2025-08-15;15:00;Noon (Position) - Sea passage;;11;1,5;S;39;18,25;W;61;31,82;P068;P005;VG155;3990;0;0,5;10,5;0;;;;;;;;;;;0,23;;1,11;1,66;;;;;;159,24;109,1;650,15;;;;;;;215;;;1,1;918,49;;OVDAdmin;2026-03-18 21:44
2025-08-16;15:00;Noon (Position) - Sea passage;;24;0;S;39;18,26;W;61;31,92;P068;P005;VG155;3990;0;0;24;0;;;;;;;;;;;;;2,14;4,25;;;;;;159,24;102,71;650,15;;;;;;;215;;;3,45;912,1;;OVDAdmin;2026-03-18 21:44
2025-08-17;15:00;Noon (Position) - Sea passage;;24;0;S;39;18,23;W;61;31,96;P068;P005;VG155;3990;0;0;24;0;;;;;;;;;;;;;1,8;3,82;;;;;;159,24;97,09;650,15;;;;;;;215;;;3;906,48;;OVDAdmin;2026-03-18 21:44
2025-08-18;15:00;Noon (Position) - Sea passage;;24;0;S;39;18,19;W;61;32;P068;P005;VG155;3990;0;0;24;0;;;;;;;;;;;;;2,35;3,89;;;;;;159,24;90,85;650,15;;;;;;;215;;;3;900,24;;OVDAdmin;2026-03-18 21:44
2025-08-19;15:00;Noon (Position) - Sea passage;;24;0;S;39;18,1;W;61;32;P068;P005;VG155;3990;0;0;24;0;;;;;;;;;;;;;2,59;3,8;;;;;;159,24;84,46;650,15;;;;;;;215;;;2,9;893,85;;OVDAdmin;2026-03-18 21:44
2025-08-20;15:00;Noon (Position) - Sea passage;;24;0;S;39;18,03;W;61;31,85;P068;P005;VG155;3990;0;0;24;0;;;;;;;;;;;;;2,57;3,33;;;;;;159,24;78,56;650,15;;;;;;;215;;;2,43;887,95;;OVDAdmin;2026-03-18 21:44
2025-08-21;15:00;Noon (Position) - Sea passage;;24;51;S;38;47,13;W;62;18,37;P068;P005;VG155;3990;0;5,87;18,13;0;;;;;;;;;;;3,34;;2,36;2,68;;;;;;159,24;70,18;650,15;;;;;;;215;;;1,88;879,57;;OVDAdmin;2026-03-18 21:44
2025-08-21;15:12;Arrival;;0,2;0,3;;;;;;;P068;P005;VG155;3990;0;0,2;0;0;;;;;;;;;;;0,32;;0,3;0,09;;;;;;159,24;69,47;650,15;;;;;;;215;;;0,06;878,86;;OVDAdmin;2026-03-18 21:44
2025-08-22;15:00;Noon (Position) - Port;;23,8;0;S;38;47,06;W;62;18,38;P005;P005;VG155;12342,84;0;0;0;0;;;;;;;;;;;;;3,97;2,96;;;;;;159,24;62,54;650,15;;;;;;5716,095;215;;;2,06;871,93;;OVDAdmin;2026-03-18 21:44
2025-08-23;15:00;Noon (Position) - Port;;24;0;S;38;47,06;W;62;18,38;P005;P005;VG155;12342,84;0;0;0;0;;;;;;;;;;;;;3,16;3,15;;;;;;159,24;56,23;650,15;;;;;;;215;;;2,25;865,62;;OVDAdmin;2026-03-18 21:44
2025-08-23;20:18;Departure;CargoOperations;5,3;0;S;38;47,06;W;62;18,38;P005;P005;VG155;12342,84;0;0;0;0;;;;;;;;;;;0,22;;0,66;1,02;;;;;;159,24;54,33;650,15;;;;;;;215;;;0,72;863,72;;OVDAdmin;2026-03-18 21:44
2025-08-23;23:00;Begin of sea passage;;2,7;31;S;39;4,18;W;61;50,66;P005;P014;VG156;12342,84;0;2,7;0;0;;;;;;;;;;;1,71;;0,53;;;;;;;159,24;52,09;650,15;;;;;;;215;;;;861,48;;OVDAdmin;2026-03-18 21:44
2025-08-24;15:00;Noon (Position) - Sea passage;;16;219;S;39;12,13;W;58;0,27;P005;P014;VG156;12342,84;16;0;0;0;;;;;;;;;;;14,83;;0,63;1,67;;;;;;159,24;34,96;650,15;;;;;;;215;;;1,67;844,35;;OVDAdmin;2026-03-18 21:44
2025-08-25;15:00;End of sea passage;;24;308;S;36;16,34;W;52;36,56;P005;P014;VG156;12342,84;24;0;0;0;;;;;;;;;;;19,19;;1,31;3,61;;;;;;159,24;10,85;650,15;;;;;;;215;;;3,61;820,24;;OVDAdmin;2026-03-18 21:44
2025-08-26;15:00;Noon (Position) - Sea passage;;24;0;;;;;;;P005;P014;VG156;12342,84;0;0;0;0;0;0;0;0;0;0;0;0;0;0;;;;;;;;;;;;;;;0;0;0;;215;HFO;0;;;;OVDAdmin;2026-03-18 21:44
2025-08-27;15:00;Noon (Position) - Sea passage;;24;302;S;27;15,81;W;46;36,58;P005;P014;VG156;12342,84;24;0;0;0;;;;;;;;;;;20,68;;1,1;2,15;;;;;;159,24;612,11;;;;;;;;215;;;2,15;771,35;;OVDAdmin;2026-03-18 21:44
2025-08-28;05:42;End of sea passage;;14,7;182;S;24;16,23;W;46;21,97;P005;P014;VG156;12342,84;14,7;0;0;0;;;;;;;;;;;11,38;;1,27;1,52;;;;;;159,24;597,94;;;;;;;;215;;;1,52;757,18;;OVDAdmin;2026-03-18 21:44
2025-08-28;15:00;Noon (Position) - Sea passage;;9,3;5,3;S;24;10,84;W;46;20,95;P005;P014;VG156;12342,84;0;1,05;8,25;0;;;;;;;;;;;0,47;;0,78;1,16;;;;;;159,24;595,53;;;;;;;;215;;;0,66;754,77;;OVDAdmin;2026-03-18 21:44
2025-08-29;15:00;Noon (Position) - Sea passage;;24;12,28;S;24;7,42;W;46;8,91;P005;P014;VG156;12342,84;0;1,42;22,58;0;;;;;;;;;;;1,45;;2,12;2,87;;;;;;159,24;589,09;;;;;;;;215;;;2;748,33;;OVDAdmin;2026-03-18 21:44
2025-08-30;15:00;Noon (Position) - Sea passage;;24;7,7;S;24;6,49;W;46;16,64;P005;P014;VG156;12342,84;0;0,97;23,03;0;;;;;;;;;;;0,73;;2,76;3,13;;;;;;159,24;582,47;;;;;;;;215;;;2,23;741,71;;OVDAdmin;2026-03-18 21:44
2025-08-31;15:00;Noon (Position) - Sea passage;;24;0;S;24;6,53;W;46;16,74;P005;P014;VG156;12342,84;0;0;24;0;;;;;;;;;;;;;2,75;2,78;;;;;;159,24;576,94;;;;;;;;215;;;1,88;736,18;;OVDAdmin;2026-03-18 21:44
2025-09-01;15:00;Noon (Position) - Sea passage;;24;0;S;24;6,63;W;46;16,83;P005;P014;VG156;12342,84;0;0;24;0;;;;;;;;;;;;;2,61;2,6;;;;;;159,24;571,73;;;;;;;;215;;;1,7;730,97;;OVDAdmin;2026-03-18 21:44
2025-09-02;15:00;Noon (Position) - Sea passage;;24;0;S;24;6,6;W;46;16,85;P005;P014;VG156;12342,84;0;0;24;0;;;;;;;;;;;;;2,66;2,51;;;;;;159,24;566,56;;;;;;;;215;;;1,61;725,8;;OVDAdmin;2026-03-18 21:44
2025-09-03;15:00;Noon (Position) - Sea passage;;24;0;S;24;6,56;W;46;16,94;P005;P014;VG156;12342,84;0;0;24;0;;;;;;;;;;;;;2,66;2,6;;;;;;159,24;561,3;;;;;;;;215;;;1,7;720,54;;OVDAdmin;2026-03-18 21:44
2025-09-04;15:00;Noon (Position) - Sea passage;;24;0;S;24;6,53;W;46;16,93;P005;P014;VG156;12342,84;0;0;24;0;;;;;;;;;;;;;2,63;2,78;;;;;;159,24;555,89;;;;;;;;215;;;1,88;715,13;;OVDAdmin;2026-03-18 21:44
2025-09-05;07:36;Arrival;;16,6;18;S;23;55,16;W;46;21,62;P005;P014;VG156;12342,84;0;2,68;13,92;0;;;;;;;;;;;1,36;;1,35;2,06;;;;;;159,24;551,12;;;;;;;;215;;;1,36;710,36;;OVDAdmin;2026-03-18 21:44
2025-09-05;15:00;Noon (Position) - Port;;7,4;0;S;23;55,16;W;46;21,62;P014;P014;VG156;5016,53;0;0;0;0;;;;;;;;;;;;;1,24;0,81;;;;;;159,24;549,07;;;;;;;;215;;;0,61;708,31;;OVDAdmin;2026-03-18 21:44
2025-09-06;15:00;Noon (Position) - Port;;24;0;S;23;55,16;W;46;21,62;P014;P014;VG156;5016,53;0;0;0;0;;;;;;;;;;;;;1,99;2,51;;;;;;159,24;544,57;;;;;;;1629,25;215;;;1,61;703,81;;OVDAdmin;2026-03-18 21:44
2025-09-07;12:15;Departure;CargoOperations;21,25;0;S;23;55,16;W;46;21,62;P014;P014;VG156;5016,53;0;0;0;0;;;;;;;;;;;0,5;;2,21;2,96;;;;;;159,24;538,9;248,92;;;;;;8401,785;215;;;2;947,06;;OVDAdmin;2026-03-18 21:44
2025-09-07;13:42;Begin of sea passage;;1,45;12;S;24;1,47;W;46;20,77;P014;P047;VG157;5016,53;0;1,45;0;0;;;;;;;;;;;0,78;;0,56;;;;;;;159,24;538,63;248,92;;;;;;;215;;;;946,79;;OVDAdmin;2026-03-18 21:44
2025-09-07;15:00;Noon (Position) - Sea passage;;1,3;17;S;24;16,34;W;46;24,05;P014;P047;VG157;5016,53;1,3;0;0;0;;;;;;;;;;;0,87;;0,68;;;;;;;159,24;537,08;248,92;;;;;;;215;;;;945,24;;OVDAdmin;2026-03-18 21:44
2025-09-08;15:00;Noon (Position) - Sea passage;;24;289;S;23;45,43;W;41;21,36;P014;P047;VG157;5016,53;24;0;0;0;;;;;;;;;;;19,05;;1,67;1,79;;;;;;159,24;514,58;248,92;;;;;;;215;;;1,79;922,74;;OVDAdmin;2026-03-18 21:44
2025-09-09;15:00;Noon (Position) - Sea passage;;24;296;S;19;58,53;W;38;23,65;P014;P047;VG157;5016,53;24;0;0;0;;;;;;;;;;;21,06;;1,64;3,77;;;;;;159,24;488,11;248,92;;;;;;;215;;;1,8;896,27;;OVDAdmin;2026-03-18 21:44
2025-09-10;15:00;Noon (Position) - Sea passage;;24;313;S;15;0,41;W;36;43,21;P014;P047;VG157;5016,53;24;0;0;0;;;;;;;;;;;20,92;;;;0,25;1,25;1,79;;;158,99;464,15;248,92;;;;;;;215;;;1,79;872,06;;OVDAdmin;2026-03-18 21:44
2025-09-11;15:00;Noon (Position) - Sea passage;;24;323;S;9;51,78;W;35;1,63;P014;P047;VG157;5016,53;24;0;0;0;;;;;;;;;;;21,32;;1,28;0,99;;;;;;158,99;440,56;248,92;;;;;;;215;;;0,99;848,47;;OVDAdmin;2026-03-18 21:44
2025-09-12;15:00;Noon (Position) - Sea passage;;24;345;S;4;35,84;W;35;35,81;P014;P047;VG157;5016,53;24;0;0;0;;;;;;;;;;;21,56;;1,05;0,24;;;;;;158,99;417,71;248,92;;;;;;;215;;;0,24;825,62;;OVDAdmin;2026-03-18 21:44
2025-09-13;15:00;Noon (Position) - Sea passage;;24;368;S;1;14,04;W;40;44,34;P014;P047;VG157;5016,53;24;0;0;0;;;;;;;;;;;22,48;;;;0,25;0,25;;;;158,74;394,98;248,92;;;;;;;215;;;;802,64;;OVDAdmin;2026-03-18 21:44
2025-09-14;16:00;Noon (Position) - Sea passage;;25;371;N;2;6,68;W;45;50,81;P014;P047;VG157;5016,53;25;0;0;0;;;;;;;;;;;22,76;;0,53;;;;;;;158,74;371,69;248,92;;;;;;;215;;;;779,35;;OVDAdmin;2026-03-18 21:44
2025-09-15;16:00;Noon (Position) - Sea passage;;24;380;N;5;33,25;W;51;5,13;P014;P047;VG157;5016,53;24;0;0;0;;;;;;;;;;;21,3;;;;;;;;;158,74;350,39;248,92;;;;;;;215;;;;758,05;;OVDAdmin;2026-03-18 21:44
2025-09-16;16:00;Noon (Position) - Sea passage;;24;352;N;8;48,43;W;56;5,97;P014;P047;VG157;5016,53;24;0;0;0;;;;;;;;;;;21,12;;0,7;;;;;;;158,74;328,57;248,92;;;;;;;215;;;;736,23;;OVDAdmin;2026-03-18 21:44
2025-09-17;16:00;Noon (Position) - Sea passage;;24;338;N;11;29,92;W;61;3,08;P014;P047;VG157;5016,53;24;0;0;0;;;;;;;;;;;21,51;;0,83;;;;;;;158,74;306,23;248,92;;;;;;;215;;;;713,89;;OVDAdmin;2026-03-18 21:44
2025-09-18;17:00;Noon (Position) - Sea passage;;25;378;N;13;25,33;W;67;5,4;P014;P047;VG157;5016,53;25;0;0;0;;;;;;;;;;;22,19;;0,73;;;;;;;158,74;283,31;248,92;;;;;;;215;;;;690,97;;OVDAdmin;2026-03-18 21:44
2025-09-19;17:00;Noon (Position) - Sea passage;;24;335;N;15;31,94;W;72;25,12;P014;P047;VG157;5016,53;24;0;0;0;;;;;;;;;;;21,07;;;;0,2;0,98;1,43;;;158,54;259,83;248,92;;;;;;;215;;;1,43;667,29;;OVDAdmin;2026-03-18 21:44
2025-09-20;17:00;Noon (Position) - Sea passage;;24;312;N;17;29,15;W;77;26,02;P014;P047;VG157;5016,53;24;0;0;0;;;;;;;;;;;21,89;;1,58;1,7;;;;;;158,54;234,66;248,92;;;;;;;215;;;1,7;642,12;;OVDAdmin;2026-03-18 21:44
2025-09-21;18:00;Noon (Position) - Sea passage;;25;335;N;19;52,9;W;82;42,55;P014;P047;VG157;5016,53;25;0;0;0;;;;;;;;;;;22,63;;0,9;1,16;;;;;;158,54;209,97;248,92;;;;;;;215;;;1,16;617,43;;OVDAdmin;2026-03-18 21:44
2025-09-22;18:00;Noon (Position) - Sea passage;;24;334;N;22;47,2;W;87;41,76;P014;P047;VG157;5016,53;24;0;0;0;;;;;;;;;;;21,82;;2,34;1,25;;;;;;158,54;184,56;248,92;;;;;;;215;;;1,25;592,02;;OVDAdmin;2026-03-18 21:44
2025-09-23;18:00;Noon (Position) - Sea passage;;24;330;N;21;42,42;W;93;15,4;P014;P047;VG157;5016,53;24;0;0;0;;;;;;;;;;;21,23;;1,68;1,07;;;;;;158,54;160,58;248,92;;;;;;;215;;;1,07;568,04;;OVDAdmin;2026-03-18 21:44
2025-09-24;09:30;End of sea passage;;15,5;198;N;19;27,68;W;95;54,76;P014;P047;VG157;5016,53;15,5;0;0;0;;;;;;;;;;;11,36;;2,15;1,42;;;;;;158,54;145,65;248,92;;;;;;;215;;;1,42;553,11;;OVDAdmin;2026-03-18 21:44
2025-09-24;15:50;Arrival;;6,33;25;N;19;12,71;W;96;8,31;P014;P047;VG157;5016,53;0;6,33;0;0;;;;;;;;;;;1,89;;0,83;0,53;;;;;;158,54;142,4;248,92;;;;;;;215;;;0,4;549,86;;OVDAdmin;2026-03-18 21:44
2025-09-24;18:00;Noon (Position) - Port;;2,17;0;N;19;12,71;W;96;8,31;P047;P047;VG157;0;0;0;0;0;;;;;;;;;;;;;0,48;0,32;;;;;;158,54;141,6;248,92;;;;;;;215;;;0,22;549,06;;OVDAdmin;2026-03-18 21:44
2025-09-25;18:00;Noon (Position) - Port;;24;0;N;19;12,71;W;96;8,31;P047;P047;VG157;0;0;0;0;0;;;;;;;;;;;;;3,85;3,03;;;;;;158,54;134,72;248,92;;;;;;8432,655;215;;;2,13;542,18;;OVDAdmin;2026-03-18 21:44
2025-09-26;09:15;Departure;CargoOperations;15,25;0;N;19;12,71;W;96;8,31;P047;P047;VG157;0;0;0;0;0;;;;;;;;;;;0,72;;2,37;3,92;;;;;;158,54;127,71;248,92;;;;;;7374,5;215;;;3,32;535,17;;OVDAdmin;2026-03-18 21:44
2025-09-26;10:30;Begin of sea passage;;1,25;8;N;19;11,11;W;96;2,11;P047;P060;VG158;0;0;1,25;0;0;;;;;;;;;;;0,63;;0,28;;;;;;;158,54;126,8;248,92;;;;;;0;215;;;;534,26;;OVDAdmin;2026-03-18 21:44
2025-09-26;18:00;Noon (Position) - Sea passage;;7,5;100;N;20;46,13;W;95;36,67;P047;P060;VG158;0;7,5;0;0;0;;;;;;;;;;;5,32;;0,64;0,18;;;;;;158,54;120,66;248,92;;;;;;0;215;;;;528,12;;OVDAdmin;2026-03-18 21:44
2025-09-27;17:00;Noon (Position) - Sea passage;;23;310;N;24;19,67;W;92;25,57;P047;P060;VG158;0;23;0;0;0;;;;;;;;;;;19,72;;1,11;2,85;;;;;;158,54;96,98;248,92;;;;;;0;215;;;;504,44;;OVDAdmin;2026-03-18 21:44
2025-09-28;17:00;Noon (Position) - Sea passage;;24;299;N;28;35,9;W;94;24,43;P047;P060;VG158;0;24;0;0;0;;;;;;;;;;;7,69;11,57;3,39;0,09;;0,92;0,45;;;143,49;87,92;248,92;;;;;;0;215;;;;480,33;;OVDAdmin;2026-03-18 21:44
2025-09-28;20:00;End of sea passage;;3;39;N;29;13,93;W;94;29,86;P047;P060;VG158;0;3;0;0;0;;;;;;;;;;;2,45;;1,28;;;;;;;139,76;87,92;248,92;;;;;;0;215;;;;476,6;;OVDAdmin;2026-03-18 21:44
2025-09-28;23:12;Arrival;;3,2;25;N;29;21,7;W;94;55;P047;P060;VG158;0;0;3,2;0;0;;;;;;;;;;;1,6;;1,28;0,17;;;;;;136,71;87,92;248,92;;;;;;0;215;;;;473,55;;OVDAdmin;2026-03-18 21:44
2025-09-29;17:00;Noon (Position) - Port;;17,8;0;N;29;21,7;W;94;55;P060;P060;VG158;3577,72;0;0;0;0;;;;;;;;;;;;;2,64;0,75;;;;;;133,32;87,92;248,92;;;;;;0;215;;;;470,16;;OVDAdmin;2026-03-18 21:44
2025-09-30;17:00;Noon (Position) - Port;;24;23;N;29;18,75;W;94;31,56;P060;P060;VG158;3577,72;0;2,73;0;0;;;;;;;;;;;1,95;;4,39;1;;;;;;125,98;87,92;248,92;283,82;282,69;;;;0;215;;;0,2;1029,33;;OVDAdmin;2026-03-18 21:44
2025-10-01;17:00;Noon (Position) - Port;;24;0;N;29;18,75;W;94;31,56;P060;P060;VG158;3577,72;0;0;0;0;;;;;;;;;;;;;3,86;0,94;;;;;;121,18;87,92;248,92;283,82;282,69;;;;0;215;;;0,14;1024,53;;OVDAdmin;2026-03-18 21:44
2025-10-02;17:00;Noon (Position) - Port;;24;48;N;29;44,6;W;95;5,9;P060;P060;VG158;3577,72;0;5,27;0;0;;;;;;;;;;;4,08;;3,64;0,86;;;;;;112,6;87,92;248,92;283,82;282,69;;;;0;215;;;0,1;1015,95;;OVDAdmin;2026-03-18 21:44
2025-10-02;18:30;Departure;;1,5;0;N;29;44,61;W;95;5,89;P060;P060;VG158;3577,72;0;0;0;0;;;;;;;;;;;0,22;;0,62;0,17;;;;;;111,59;87,92;248,92;283,82;282,69;;;;0;215;;;0,07;1014,94;;OVDAdmin;2026-03-18 21:44
2025-10-02;22:30;Begin of sea passage;;4;48;N;29;14,88;W;94;33,85;P060;P064;VG137;3577,72;0;4;0;0;;;;;;;;;;;2,43;;0,84;;;;;;;108,32;87,92;248,92;283,82;282,69;;;;0;215;;;;1011,67;;OVDAdmin;2026-03-18 21:44
2025-10-03;07:30;End of sea passage;;9;122;N;28;18,56;W;96;11,72;P060;P064;VG137;3577,72;9;0;0;0;;;;;;;;;;;7,38;;1,86;;;;;;;99,08;87,92;248,92;283,82;282,69;;;;0;215;;;;1002,43;;OVDAdmin;2026-03-18 21:44
2025-10-03;16:06;Arrival;;8,6;30;N;28;38,71;W;96;33,17;P060;P064;VG137;3577,72;0;4,05;4,55;0;;;;;;;;;;;2,07;;1,14;0,34;;;;;;95,53;87,92;248,92;283,82;282,69;;;;0;215;;;0,14;998,88;;OVDAdmin;2026-03-18 21:44
2025-10-03;17:00;Noon (Position) - Port;;0,9;0;N;28;38,71;W;96;33,17;P064;P064;VG137;11862,31;0;0;0;0;;;;;;;;;;;;;0,21;0,09;;;;;;95,23;87,92;248,92;283,82;282,69;;;;0;215;;;0,02;998,58;;OVDAdmin;2026-03-18 21:44
2025-10-04;17:00;Noon (Position) - Port;;24;0;N;28;38,71;W;96;33,17;P064;P064;VG137;11862,31;0;0;0;0;;;;;;;;;;;;;4,5;1;;;;;;89,73;87,92;248,92;283,82;282,69;;;;0;215;;;0,2;993,08;;OVDAdmin;2026-03-18 21:44
2025-10-05;13:30;Departure;;20,5;0;N;28;38,71;W;96;33,18;P064;P064;VG137;11862,31;0;0;0;0;;;;;;;;;;;0,21;;3,54;0,84;;;;;;85,14;87,92;248,92;283,82;282,69;;;;0;215;;;0,1;988,49;;OVDAdmin;2026-03-18 21:44
2025-10-05;16:15;Begin of sea passage;;2,75;26;N;28;20,81;W;96;15,56;P064;P059;VG138;11862,31;0;2,75;0;0;;;;;;;;;;;1,8;;0,46;;;;;;;82,88;87,92;248,92;283,82;282,69;;;;0;215;;;;986,23;;OVDAdmin;2026-03-18 21:44
2025-10-05;17:00;Noon (Position) - Sea passage;;0,75;9;N;28;13,62;W;96;7,88;P064;P059;VG138;11862,31;0,75;0;0;0;;;;;;;;;;;0,45;;0,12;;;;;;;82,31;87,92;248,92;283,82;282,69;;;;0;215;;;;985,66;;OVDAdmin;2026-03-18 21:44
2025-10-05;22:30;End of sea passage;;5,5;67;N;28;45,74;W;95;7,38;P064;P059;VG138;11862,31;5,5;0;0;0;;;;;;;;;;;4,42;;0,14;;;;;;;77,75;87,92;248,92;283,82;282,69;;;;0;215;;;;981,1;;OVDAdmin;2026-03-18 21:44
2025-10-06;17:00;Noon (Position) - Sea passage;;18,5;6;N;28;51,81;W;95;9,51;P064;P059;VG138;11862,31;0;0,75;17,75;0;;;;;;;;;;;0,43;;3,16;0,9;;;;;;73,26;87,92;248,92;283,82;282,69;;;;0;215;;;0,1;976,61;;OVDAdmin;2026-03-18 21:44
2025-10-07;03:06;Arrival;;10,1;10,35;N;28;56,66;W;95;18,51;P064;P059;VG138;11862,31;0;2,52;7,58;0;;;;;;;;;;;0,89;;1,96;0,28;;;;;;70,13;87,92;248,92;283,82;282,69;;;;0;215;;;0,08;973,48;;OVDAdmin;2026-03-18 21:44
2025-10-07;17:00;Noon (Position) - Port;;13,9;0;N;28;56,66;W;95;18,5;P059;P059;VG138;31093,26;0;0;0;0;;;;;;;;;;;;;2,04;0,52;;;;;;67,57;87,92;248,92;283,82;282,69;;;;0;215;;;0,12;970,92;;OVDAdmin;2026-03-18 21:44
2025-10-08;17:00;Noon (Position) - Port;;24;0;N;28;56,66;W;95;18,5;P059;P059;VG138;31093,26;0;0;0;0;;;;;;;;;;;;;2,36;0,75;;;;;;64,46;87,92;248,92;283,82;282,69;;;;0;215;;;0,15;967,81;;OVDAdmin;2026-03-18 21:44
2025-10-09;17:00;Noon (Position) - Port;;24;0,61;N;28;56,6;W;95;19,03;P059;P059;VG138;31093,26;0;0,83;0;0;;;;;;;;;;;0,6;;3,32;0,8;;;;;;59,74;87,92;248,92;283,82;282,69;;;;0;215;;;0,1;963,09;;OVDAdmin;2026-03-18 21:44
2025-10-10;09:00;Departure;;16;0;N;28;56,59;W;95;19,03;P059;P059;VG138;31093,26;0;0;0;0;;;;;;;;;;;0,12;;2,56;0,62;;;;;;56,44;87,92;248,92;283,82;282,69;;;;0;215;;;0,12;959,79;;OVDAdmin;2026-03-18 21:44
2025-10-10;09:40;Begin of sea passage;;0,67;5,5;N;28;52,88;W;95;15,05;P059;P015;VG159;31093,26;0;0,67;0;0;;;;;;;;;;;0,42;;0,16;;;;;;;55,86;86,85;248,92;283,82;282,69;;;;;215;;;;958,14;;OVDAdmin;2026-03-18 21:44
2025-10-10;17:00;Noon (Position) - Sea passage;;7,33;89;N;27;41,35;W;94;24,35;P059;P015;VG159;31093,26;7,33;0;0;0;;;;;;;;;;;5,37;;;;;;;;;50,49;86,85;248,92;283,82;282,69;;;;;215;;;;952,77;;OVDAdmin;2026-03-18 21:44
2025-10-11;17:00;Noon (Position) - Sea passage;;24;288;N;25;8,38;W;90;14,21;P059;P015;VG159;31093,26;24;0;0;0;;;;;;;;;;;9,57;12,44;1,03;;;;;;;40,92;73,38;248,92;283,82;282,69;;;;;215;;;;929,73;;OVDAdmin;2026-03-18 21:44
2025-10-12;17:00;Noon (Position) - Sea passage;;24;272;N;24;2,82;W;85;25,28;P059;P015;VG159;31093,26;24;0;0;0;;;;;;;;;;;22,69;;;;0,2;;;;;40,72;50,69;248,92;283,82;282,69;;;;;215;;;;906,84;;OVDAdmin;2026-03-18 21:44
2025-10-13;17:00;Noon (Position) - Sea passage;;24;334;N;23;9,02;W;79;37,45;P059;P015;VG159;31093,26;24;0;0;0;;;;;;;;;;;22,88;;;;;;;;;40,72;27,81;248,92;283,82;282,69;;;;;215;;;;883,96;;OVDAdmin;2026-03-18 21:44
2025-10-14;17:00;Noon (Position) - Sea passage;;24;315;N;20;58,52;W;74;28,68;P059;P015;VG159;31093,26;24;0;0;0;;;;;;;;;;;22,67;;0,18;;;;;;;40,72;4,96;248,92;283,82;282,69;;;;;215;;;;861,11;;OVDAdmin;2026-03-18 21:44
2025-10-15;17:00;Noon (Position) - Sea passage;;24;309;N;19;38,72;W;69;14,54;P059;P015;VG159;31093,26;24;0;0;0;;;;;;;;;;;4,96;17,76;;;;;;;;40,72;0;231,16;283,82;282,69;;;;;215;;;;838,39;;OVDAdmin;2026-03-18 21:44
2025-10-16;16:00;Noon (Position) - Sea passage;;23;297;N;16;29,94;W;66;6,12;P059;P015;VG159;31093,26;23;0;0;0;;;;;;;;;;;22,03;;;;;;;;;40,72;209,13;283,82;282,69;;;;;;215;;;;816,36;;OVDAdmin;2026-03-18 21:44
2025-10-17;16:00;Noon (Position) - Sea passage;;24;300;N;14;17,67;W;61;26,43;P059;P015;VG159;31093,26;24;0;0;0;;;;;;;;;;;22,63;;0,26;;;;;;;40,72;186,24;283,82;282,69;;;;;;215;;;;793,47;;OVDAdmin;2026-03-18 21:44
2025-10-18;16:00;Noon (Position) - Sea passage;;24;290;N;12;23,54;W;56;58,83;P059;P015;VG159;31093,26;24;0;0;0;;;;;;;;;;;22,73;;0,24;;;;;;;40,72;163,27;283,82;282,69;;;;;;215;;;;770,5;;OVDAdmin;2026-03-18 21:44
